"reference_id","reference_details","created_by","created_date","modified_by","modified_date"
"1","Albarella, U. &#038; Davis, S. 1996. Mammals and birds from Launceton Castle, Cornwall: decline in status and the rise of agriculture. <em>Circaea</em> 12: 1-156.","acznjs","2009-11-20 00:00:00","aczjd","2016-07-02 00:00:00"
"2","Albarella, U., Beech, M. &#038; Mulville, J. 1997. <em>The Saxon, Medieval and Post-Medieval mammal and bird bones excavated 1989-91 from Castle Mall, Norwich, Norfolk</em>. Ancient Monuments Laboratory Report 72/97, Historic England, 230 p.","acznjs","2009-11-20 00:00:00","aczjd","2016-04-05 00:00:00"
"3","Arbuckle, B.  Personal communication.","acznjs","2009-11-20 00:00:00","aczjd","2016-07-02 00:00:00"
"4","Ayre, K. &#038; Serjeantson, D. 2002. The Animal Bones. In T. Allen &#038; J. Hiller (eds), <em>The excavation of a Medieval manor house of the Bishops of Winchester at Mount House, Witney, Oxfordshire, 1984-92</em>. Thames Valley Landscapes Monograph No. 13, Oxford Archaeology, Oxford: 169-180.","acznjs","2009-11-20 00:00:00","aczjd","2016-07-02 00:00:00"
"5","Ayres, K., Ingrem, C., Light, J., Locker, A., Mulville, J. &#038; Serjeantson, D. 2003. Mammal, bird and fish remains and oysters. In A. Hardy, A. Dodd &#038; G. Keevil (eds), <em>Aelfric's Abbey Excavations at Eynsham Abbey, Oxfordshire, 1989-92</em>. Thames Valley Landscapes 16, Oxford University Press, Oxford: 360-406.","acznjs","2009-11-20 00:00:00","aczjd","2016-07-02 00:00:00"
"6","Baker, P. 1991. La Fauna. In G. P. Brogiolo &#038; L. Castelletti (eds), <em>Archeologia a Monte Barro 1: Il Grande Edificio e Le Torri</em>. Editrice Stefanoni, Lecco: 153-167.","acznjs","2009-11-20 00:00:00","aczjd","2016-07-03 00:00:00"
"7","Baker, P. 1998. <em>The Vertebrate Remains from Scole-Dickleburgh, excavated in 1993 (Norfolk and Suffolk), A140 and A143 Road Improvement Project</em>. AML Report 29/98, English Heritage, 113 p.","acznjs","2009-11-20 00:00:00","aczjd","2016-04-05 00:00:00"
"8","Bate, D.M.A. 1936. Means of Livelihood. In W. Lamb (ed.), <em>Excavations at Thermi, Lesbos</em>. Cambridge University Press, Cambridge: 216-217.","acznjs","2009-11-20 00:00:00","aczjd","2016-07-02 00:00:00"
"9","Becker, C. 1996. Nourriture, cuill&#232;res, ornaments…les t&#233;moignages d'une exploitation vari&#233;e des mollusques marins &#224; Ayios Mamas (Chalcidique, Gr&#232;ce). <em>Anthropozoologica</em> 24: 3-17.","acznjs","2009-11-20 00:00:00","aczjd","2016-07-02 00:00:00"
"10","Becker, C. 1999. Domesticated and wild animals in the Eneolithic-Bronze Age cultures Cotofeni and Monteoru. In N. Benecke (ed), <em>The Holocene History of the European Vertebrate Fauna</em>. Verlag Marie Leidorf, Rahden: 91-105.","acznjs","2009-11-20 00:00:00","aczjd","2016-07-02 00:00:00"
"11","Beglane, F. Personal communication.","acznjs","2009-11-20 00:00:00","aczjd","2016-07-02 00:00:00"
"12","Bejenaru, L., Tarcan, C. &#038; Stanc, S. 2002. Hunting in medieval Moldavia: archaeozoological data. In R. Lauwerier &#038; I. Plug (eds), <em>The Future from the Past: Archaeozoology in Wildlife Conservation and Heritage Management</em>. Oxbow books, Oxford: 97-102.","acznjs","2009-11-20 00:00:00","aczjd","2016-07-02 00:00:00"
"13","Bendrey, R. Personal communication.","acznjs","2009-11-20 00:00:00","aczjd","2016-07-02 00:00:00"
"14","Bendrey, R. Personal communication. <em>Salvation Army International Headquarters, 99-101 Queen Victoria Street, London EC4, City of London (QUV01)</em>. Unpublished report.","acznjs","2009-11-20 00:00:00","aczjd","2016-07-02 00:00:00"
"15","Bendrey, R. 2003. The identification of fallow deer (<em>Dama dama</em>) remains from Roman Monkton, the Isle of Thanet, Kent. In I. Riddler (ed.), <em>Materials of Manufacture: The Choice of Materials in the Working of Bone and Antler in Northern and Central Europe during the First Millennium AD</em>. BAR International Series 1193, Archaeopress, Oxford:15-18.","acznjs","2009-11-20 00:00:00","aczjd","2016-07-02 00:00:00"
"16","Bendrey, R. 2005. The animal bone. In J. Butler (ed.), <em>Saxons, Templars and Lawyers in The Inner Temple: Archaeological Excavations in Church Court and Hare Court</em>. Monograph No. 4, Pre-Construct Archaeology Limited, London: 64-66.","acznjs","2009-11-20 00:00:00","aczjd","2016-07-02 00:00:00"
"17","Boessneck, J. &#038; von den Dreisch, A. 1979. <em>Die Tierknochenfunde aus der Neolithischen Siedlung auf dem Fikirtepe bei Kadik&#246;y am Marmarameer</em>. Institut f&#252;r Pal&#228;oanatomie, Domestikationsforschung und Geschichte der Tiermedizin der Universit&#228;t München, Munich.","acznjs","2009-11-20 00:00:00","aczjd","2016-07-02 00:00:00"
"18","Boessneck, J. 1973. <em>Die Tierknochenfunde aus dem Kabirenheiligtum bei Theben (B&#246;otien)</em>. Institut f&#252;r Pal&#228;oanatomie, Domestikationsforschung und Geschichte der Tiermedizin der Universit&#228;t München, Munich, 35p.","acznjs","2009-11-20 00:00:00","aczjd","2016-07-02 00:00:00"
"19","B&#246;k&#246;nyi, S. 1982. The Early Neolithic fauna of Rendina: a preliminary report. <em>Origini</em> 11: 345-354.","acznjs","2009-11-20 00:00:00","aczjd","2016-07-02 00:00:00"
"20","B&#246;k&#246;nyi, S. 1983. Animal bones from test excavations of Early Neolithic ditched villages on the Tavoliere, south Italy. In S.M. Cassano &#038; A. Manfredini (ed.), <em>Studi Sul Neolitico del Tavoliere della Puglia</em>. BAR International Series 160, Archaeopress, Oxford: 237-249.","acznjs","2009-11-20 00:00:00","aczjd","2016-07-02 00:00:00"
"21","B&#246;k&#246;nyi, S. 1986. Animal remains from the Roman villa of San Potito-Ovindi (L'Aguila) 1983-1984. <em>Acta Archaeologica Academiae Scientiarum Hungaricae</em> 38: 89-91.","acznjs","2009-11-20 00:00:00","aczjd","2016-07-02 00:00:00"
"22","B&#246;k&#246;nyi, S. 1986. Faunal remains (with a contribution by D. Janossy). In C. Renfrew, M. Gimbutas &#038; E.S. Elster (eds) <em>Excavations at Sitagroi: A Prehistoric Village in Northeast Greece, Vol. 1</em>. University of California, Los Angeles: 63-132.","acznjs","2009-11-20 00:00:00","aczjd","2016-07-02 00:00:00"
"23","B&#246;k&#246;nyi, S. 1990. The fauna. In M. Gualtieri &#038; H. Fraccia (eds), <em>Roccagloriosa 1. L'abito: Scavo e Ricognizione Topografica (1977-1986)</em>. Jean B&#233;rard, Naples: 329-331.","acznjs","2009-11-20 00:00:00","aczjd","2016-07-02 00:00:00"
"24","B&#246;k&#246;nyi, S., Costanti, L. &#038; Fitt, J. 1993. The animal remains. In M. Gualtieri (ed), <em>Fourth century B.C. Magna Graecia: A Case Study</em>. Studies in Mediterranean Archaeology and Literature, Pocket-Book 114, Paul Astr&#246;ms F&#246;rlag, Tonsured: 281-290.","acznjs","2009-11-20 00:00:00","aczjd","2016-07-02 00:00:00"
"25","Bossard-Beck, C. 1984. Le mobilier ost&#233;ologique et botanique.  In J.-M. Pesez (ed.), <em>Brucato. Histoire et arch&#233;ologie d'un habitat m&#233;di&#233;val en Sicile</em>. Collection de l'&#201;cole Fran&#231;aise de Rome 78(2), Palais Farn&#232;se, &#201;cole Fran&#231;aise de Rome, Rome : 615-635.","acznjs","2009-11-20 00:00:00","aczjd","2016-07-02 00:00:00"
"26","Bourdillon, J. 1979. The animal bones. In Shackley, M. The early ditch fillings., Excavations in Medieval tenements on the Quilters Vault site in Southampton: 182-216. In J.V.S. Walker (ed.), <em>Excavations in medieval tenements on the Quilters Vault site in Southampton</em>. Hampshire Field Club and Archaeological Society 35, Winchester: 207-212.","acznjs","2009-11-20 00:00:00","aczjd","2016-07-02 00:00:00"
"27","Bourdillon, J. 1985. <em>Animal bone from Late Saxon contexts in Southampton</em>. Faunal Remains Unit reports to H.B.M.C vol. 2. Unpublished AML report 4926.","acznjs","2009-11-20 00:00:00","aczjd","2016-07-02 00:00:00"
"28","Bourdillon, J. 1993. Animal bones. In A.H. Graham &#038; S.M. Davies (eds.), <em>Excavations in Trowbridge, Wiltshire, 1977 and 1986-1988: The Prehistoric, Saxon and Saxo-Norman Settlements and the Anarchy Period Castle</em>. Wessex Archaeological Report 2, Trust for Wessex, Salisbury: 127-136.","acznjs","2009-11-20 00:00:00","aczjd","2016-07-02 00:00:00"
"29","Buitenhuis, H. 1997. A&#351;&#305;kl&#305; H&#246;y&#252;k: a ""proto-domestication"" site. <em>Anthropozoologica</em> 25-26: 655-662.","acznjs","2009-11-20 00:00:00","aczjd","2016-07-02 00:00:00"
"30","Cartledge, J. 1985. The animal bones. In M. Atkin (ed.), <em>Excavations in Norwich 1971-1978, Part II</em>. East Anglian Archaeology 26, Norwich Survey, Norwich: 220-222.","acznjs","2009-11-20 00:00:00","aczjd","2016-07-02 00:00:00"
"31","Cartledge, J. 1987. Mammal bones. In B. Ayers (ed.), <em>Excavations at St-Martin-at-Palace Plain, Norwich 1981</em>. East Anglian Archaeological Report 37, Norfolk Archaeological Unit in conjunction with the Scole Archaeological Committee, Dereham: 111-115.","acznjs","2009-11-20 00:00:00","aczjd","2016-07-02 00:00:00"
"32","Clutton-Brock, J. 1982. The animal bones. In S. Hood, <em>Excavations in Chios 1938-1955. Prehistoric Emporio and Ayio Gala II</em>. BSA Supplementary Volume 16, Thames and Hudson, London: 678-697.","acznjs","2009-11-20 00:00:00","aczjd","2016-07-02 00:00:00"
"33","Coy, J. 2009. Late Saxon and medieval animal bones from the western suburbs. In D. Serjeantson &#038; H. Rees (eds), <em>Food, craft and status in medieval Winchester: the plant and animal remains from the suburbs and city defences</em>. Winchester Museums Archaeology Report 10, Winchester County Council, Oxford: 27-54.","acznjs","2009-11-20 00:00:00","aczjd","2016-07-02 00:00:00"
"34","Coy, J. 1983. <em>A Preliminary Study of the Animal Bones from Sites A, B, and C, Reading Abbey (WAC Site 12, 1981) With Recommendations for Future Study, Especially of the Cattle Horncores</em>. Faunal Remains Unit report to H.B.M.C. Unpublished Ancient Monuments Laboratory Report 4067.","acznjs","2009-11-20 00:00:00","aczjd","2016-07-03 00:00:00"
"35","Coy, J. 1984. <em>Animal Bones from Foxcotte, Deserted Medieval Village, Hants</em>. Faunal Remains Unit Report to H.B.M.C. Unpublished Ancient Monuments Laboratory Report: 4911.","acznjs","2009-11-20 00:00:00","aczjd","2016-07-03 00:00:00"
"36","Coy, J. 1985b. <em>Animal Bones fromEexcavations at Wickham Glebe, Hampshire, 1976-1980</em>. Faunal Remains Unit report to H.B.M.C. Ancient Monuments Laboratory Report 4914.","acznjs","2009-11-20 00:00:00","aczjd","2016-07-03 00:00:00"
"37","Coy, J. 1985a. <em>Animal bones from Poole, Dorset, Medieval and Post-medieval layers from sites PM2, PM 3, PM7, PM9, PM10 and PM1</em>. Faunal Remains Unit report to H.B.M.C. Unpublished Ancient Monuments Laboratory Report 4912.","acznjs","2009-11-20 00:00:00","aczjd","2016-07-03 00:00:00"
"38","Coy, J. 1986a.  <em>Animal Bones from Newbury Berkshire: Excavations in Cheap Street 1981-2</em>. Ancient Monuments Laboratory Report 56/86, English Heritage.","acznjs","2009-11-20 00:00:00","aczjd","2016-07-03 00:00:00"
"39","Coy, J. 1986b. <em>Animal Bones from Excavations at Osbourne House, Romsey RII 1972</em>. Test Valley Archaeological Committee Post-excavation Programme. Faunal Remains Unit report to H.B.M.C. Unpublished Ancient Monuments Laboratory Report 4917.","acznjs","2009-11-20 00:00:00","aczjd","2016-07-03 00:00:00"
"40","Coy, J. 1997. Animal bones. In A.G. Vince, S.J. Lobb, J.C. Richards &#038; L. Mepham (eds.), <em>Excavations in Newbury, Berkshire 1979-1990</em>. Wessex Archaeological Report 13, Trust for Wessex Archaeology: Salisbury: 75-79, 134-141.","acznjs","2009-11-20 00:00:00","aczjd","2016-07-02 00:00:00"
"41","Coy, J. 1989. Animal bones. In G. Astill &#038; S. Lobb, Excavation of Prehistoric, Roman, and Saxon deposits at Wraysbury.<em> Berkshire Archaeological Journal</em> 146: 111-124.","acznjs","2009-11-20 00:00:00","aczjd","2016-07-02 00:00:00"
"42","Cunliffe, B. 1976. The animal bones. In B. Cunliffe, <em>Iron Age Sites in Central Southern England</em>. CBA Research Report 16, The Council for British Archaeology, London: 24-25.","acznjs","2009-11-20 00:00:00","aczjd","2016-07-02 00:00:00"
"43","Curci, A. &#038; Tagliacozzo, A. 2003. Economic and ecological evidence from the vertebrate remains of the Neolithic site of Makri (Thrace-Greece). In E. Kotjabopoulou, Y. Hamilakis, P. Halstead, C. Gamble & P. Elefanti (eds), <em>Zooarchaeology in Greece: Recent Advances</em>. BSA Studies 9, British School at Athens, London: 123-131.","acznjs","2009-11-20 00:00:00","aczjd","2016-07-03 00:00:00"
"44","Jones, G. 1993. Animal and bird bones. In C. Dallas (ed.), <em>Excavations in Thetford by B. K. Davidson between 1964 and 1970 </em>. East Anglian Archaeology 62, Norfolk Archaeological Unit and Scole Archaeological Committee, Dereham: 176-192.","acznjs","2009-11-20 00:00:00","aczjd","2016-07-03 00:00:00"
"45","Davis, S.J.M. 1987. Prudhoe Castle: A Report on the Animal Remains. Ancient Monuments Laboratory Report 162/87, English Heritage.","acznjs","2009-11-20 00:00:00","aczjd","2016-07-03 00:00:00"
"46","Davis, S. &#038; Mackinnon, M. 2009. Did the Romans bring fallow deer to Portugal?. <em>Environmental Archaeology</em> 14(1): 15-26.","acznjs","2009-11-20 00:00:00","aczjd","2016-07-03 00:00:00"
"47","Delussu, F. 1997. Le faune dell'et&#224; del Bronzo del Nuraghe Miuddhu (NU). <em>Rassegna di Archeologia</em> 14: 189-204.","acznjs","2009-11-20 00:00:00","aczjd","2016-07-03 00:00:00"
"48","Driver, J. 1990. The faunal remains. In J.D. Driver, J. Rady &#038; M. Sparks (eds), <em>Excavations in the Cathedral Precincts, 2 'Meister Omers', Linacre Garden, and St. Gabriel's Chapel, The Archaeology of Canterbury Vol. IV</em>. Canterbury Archaeological Trust LTD and Kent Archaeological Society, Maidstone: 228-244.","acznjs","2009-11-20 00:00:00","aczjd","2016-07-03 00:00:00"
"49","Everton, R.F. 1982. The animal bone. In R. Leech (ed.), <em>Excavations at Catsgore 1970-1973: A Romano-British Village</em>. Excavation Monograph No. 2, Western Archaeological Trust, Bristol: 141-146.","acznjs","2009-11-20 00:00:00","aczjd","2016-07-03 00:00:00"
"50","Grant, A. 1975. The faunal remains. In B. Cunliffe (ed.), <em>Excavations at Portchester Castle 1: Roman</em>. Reports of the Research Committee, Society of Antiquaries of London 32, Society of Antiquaries, London: 378-408.","acznjs","2009-11-20 00:00:00","aczjd","2016-07-03 00:00:00"
"51","Grant, A. 1976. The faunal remains. In B. Cunliffe (ed.), <em>Excavations at Portchester Castle Vol. II: Saxon</em>. Reports of the Research Committee, Society of Antiquaries of London 33,  Society of Antiquaries, London: 262-287.","acznjs","2009-11-20 00:00:00","aczjd","2016-07-03 00:00:00"
"52","Grant, A. 1977. The animal bones, mammals. In B. Cunliffe (ed.), <em>Excavations at Portchester Castle III: Medieval</em>. Reports of the Research Committee, Society of Antiquaries of London 34, Society of Antiquaries, London: 213-239.","acznjs","2009-11-20 00:00:00","aczjd","2016-07-03 00:00:00"
"53","Grant, A. 1978. Animal bones. In R. Bradley, A. Grant &#038; S. Sheridan, Rescue Excavation in Dorchester-on-Thames 1972: 17-39. <em>Oxoniensia</em> 43: 32-36.","acznjs","2009-11-20 00:00:00","aczjd","2016-07-03 00:00:00"
"54","Grant, A. 1979. The animal bones (Citizen’s House). In B. Cunliffe (ed.), <em>Excavations in Bath, 1950-1975</em>. Committee for Rescue Archaeology in Avon Gloucestershire and Somerset, Bristol: 60-70.","acznjs","2009-11-20 00:00:00","aczjd","2016-07-03 00:00:00"
"55","Griffith, N.J.L., Halstead, P.L.J., MacLean, A. &#038; Rowley-Conwy, P.A. 1983. Faunal remains and economy. In P. Mayes and L.A.S. Butler (eds), <em>Sandal Castle Excavations 1964-1973: A detailed Archaeological Report</em>. Historical Publications, Wakefield: 341-348.","acznjs","2009-11-20 00:00:00","aczjd","2016-07-03 00:00:00"
"207","Unpublished data, assemblage provided by Wilson and Johnstone","admin","2018-06-03 00:00:00","",""
"208","Bartosiewicz, L. 2012. Faunal remains (part 2, section 17) in R. Leighton (eds), The Archaeology of Morgantina, Sicily: Excavations of Later Prehistoric Contexts on the Cittadella (1989-2004). London: Accordia Research Institute, University of London","admin","2018-06-03 00:00:00","",""
"57","Halstead, P. 1977. A preliminary report on the faunal remains from Late Bronze Age Kouklia, Paphos. <em>Report of the Department of Antiquities Cyprus</em>: 261-275.","acznjs","2009-11-20 00:00:00","aczjd","2016-07-03 00:00:00"
"58","Halstead, P. &#038; Jones, G. 1987. Bioarchaeological remains from Kalythies Cave, Rhodes. In A. Samson (ed.), <em>I Neolithiki Periodos sta Dodekanisa</em>. Ministry of Culture, Athens: 135-152.","acznjs","2009-11-20 00:00:00","aczjd","2016-07-03 00:00:00"
"59","Hamilakis, Y. &#038; Harris, K. Forthcoming. Personal communication.","acznjs","2009-11-20 00:00:00","aczjd","2016-07-03 00:00:00"
"60","Harman, M. 1985. The other mammalian bones. In J.H. Williams, M. Shaw &#038; V. Denham (eds.), <em>Middle Saxon Palaces at Northampton</em>. Archaeological Monograph 4, Northampton Development Corporation, Northampton: 328-331.","acznjs","2009-11-20 00:00:00","aczjd","2016-07-03 00:00:00"
"61","Heurtley, W.A. &#038; Hutchinson, R.W. 1925. Report on the excavations at the Toumba and Tables of Vardarosofta, Macedonia. <em>Annual of the British School at Athens</em> 27: 1-66.","acznjs","2009-11-20 00:00:00","aczjd","2016-07-03 00:00:00"
"62","Higgs, E. &#038; Greenwood, W. 1979. Faunal report. In P. Rahtz (ed.), <em>The Saxon and Medieval Palaces at Cheddar Excavations 1960-2</em>. BAR British Series 65, British Archaeological Reports, Oxford: 354-362.","acznjs","2009-11-20 00:00:00","aczjd","2016-07-03 00:00:00"
"63","Huczo, S. 1986. <em>Die Tierknochenfunde vom Domplatz in Osnabr&#252;ck (12. - 17. Jahrhundert)</em>. Schriften der Arch&#228;ologisch-Zoologischen Arbeitsgruppe Schleswig-Kiel, Heft 10, Universit&#228;t zu Kiel, Kiel.","acznjs","2009-11-20 00:00:00","aczjd","2016-07-03 00:00:00"
"64","Isaakidou, V. 2005. <em>Bones from the Labyrinth: Faunal Evidence for Management and Consumption of Animals at Neolithic and Bronze Age Knossos, Crete</em>. Unpublished PhD thesis, University of London, London.","acznjs","2009-11-20 00:00:00","aczjd","2016-07-03 00:00:00"
"65","Jackson, J.W. 1945. Report on the animal remains. In H. O'Neil, The Roman Villa at Park Street, Near St. Albans, Hertfordshire: Report on the Excavations of 1943-45: 21-110. <em>Archaeological Journal</em> 102: 100-103.","acznjs","2009-11-20 00:00:00","aczjd","2016-07-03 00:00:00"
"66","Jarman, M.R. 1973. Preliminary report on the animal bones. In J.N. Coldstream (ed.), <em>Knossos, The Sanctuary of Demeter</em>. BSA Supplementary Vol. 8, Thames and Hudson, London: 177-179.","acznjs","2009-11-20 00:00:00","aczjd","2016-07-03 00:00:00"
"67","Jones, G. 1983. The medieval animal bones. In D. Allen &#038; C.H. Dalwood (ed.), Iron Age Occupation, a Middle Saxon Cemetery and 12th-19th century Urban Occupation: Excavations in George Street, Aylesbury: 1-60. <em>Records of Buckinghamshire</em> 25: 31-44.","acznjs","2009-11-20 00:00:00","aczjd","2016-07-03 00:00:00"
"68","Jones, R. 1996. Animal bones. In L. Watts &#038; P. Leach (eds), <em>Henley Wood, Temples and Cemetery : Excavations 1962-69 by the late Ernest Greenfield and Others</em>, CBA Research Report 99, Councli for British Archaeology, London: 134-136.","acznjs","2009-11-20 00:00:00","aczjd","2016-07-03 00:00:00"
"69","Jones, R.T. &#038; Ruben, I. 1987. Animal bones, with some notes on the effects of differential sampling. In G. Beresford (ed.), <em>Goltho: The Development of an Early Medieval Manor c. 850-1150</em>. English Heritage, London: 197-206.","acznjs","2009-11-20 00:00:00","aczjd","2016-07-03 00:00:00"
"70","Jones, R.T., Reilly, K. &#038; Pipe, A.R. 1997. The animal bones. In B. Morley &#038; D. Gurney, Castle Rising Castle. <em>East Anglian Archaeology</em> 81: 123-129.","acznjs","2009-11-20 00:00:00","aczjd","2016-07-03 00:00:00"
"71","Jope, M. 1959. Animal bones. In E.M. Jope &#038; R.I. Threlfall, The twelth-century castle at Ascot Doilly, Oxfordshire: its history and excavation: 219-273. <em>The Antiquaries Journal</em> 39: 269-270.","acznjs","2009-11-20 00:00:00","aczjd","2016-07-03 00:00:00"
"72","King, A. 1985. I resti animali, I mammiferi, I rettili e gli anfibi. In A. Carandini &#038; A. Ricci (eds), Settefinestre. Una villa schiavistica nell'Etruria romana, vol. 3. F.C. Panini, Modena: 278-305.","acznjs","2009-11-20 00:00:00","aczjd","2016-07-03 00:00:00"
"73","King, A. 1997. Mammal, reptile and amphibian bones. In T.W. Potter &#038; A.C. King (eds), <em>Excavations at the Mola di Monte Gelato, A Roman and Medieval Settlement in South Etruria</em>. British School at Rome Archaeological Monograph 11, British School at Rome/The British Museum, London: 383-403.","acznjs","2009-11-20 00:00:00","aczjd","2016-07-03 00:00:00"
"74","Klippel, W.E. &#038; Snyder, L.M. 1991. Dark-age fauna from Kavousi, Crete: the vertebrates from the 1987 and 1988 excavations. <em>Hesperia</em> 60(2): 179-186.","acznjs","2009-11-20 00:00:00","aczjd","2016-07-03 00:00:00"
"75","Kotjabopoulou, E. &#038; Trantalidou, K. 1993. Faunal analysis of the Skoteini Cave. In A. Sampson (ed.), <em>Skoteini at Tharrounia. The Cave, the Settlement and the Cemetery</em>. Ephori Palaioanthropologias, Spilaiologias, Athens: 392-434.","acznjs","2009-11-20 00:00:00","aczjd","2016-07-03 00:00:00"
"76","Larje, R. 1987. Animal bones. In P. Hellstr&#246;m (ed.), <em>Paradeisos (Klisi Tepe), a Late Neolithic settlement in Aegean Thrace</em>. Medelhavsmuseet Memoir 7, Stockholm: 89-118.","acznjs","2009-11-20 00:00:00","aczjd","2016-07-03 00:00:00"
"77","Lawrence, P. 1982. Animal bones. In J.G. Coad &#038; A.D.F. Streeted, Excavations at Castle Acre Castle, Norfolk, 1927-77: country house and castle of the Norman earls of Surrey: 138-301. <em>Archaeological Journal</em> 139: 275-294.","acznjs","2009-11-20 00:00:00","aczjd","2016-07-03 00:00:00"
"78","Leptez, S. &#038; Yvinec, J.-H. 2002. Pr&#233;sence d'esp&#232;ces animales d'origine M&#233;diterran&#233;enne en France du nord aux p&#233;riodes romaine et m&#233;di&#233;vale: actions anthropiques et mouvements naturels. In A. Gardeisen (ed.), <em>Mouvements et D&#233;placements de Populations Animales en M&#233;diterran&#233;e au cours de l'Holoc&#232;ne</em>. BAR International Series 1017, Archaeopress, Oxford: 33-42.","acznjs","2009-11-20 00:00:00","aczjd","2016-07-03 00:00:00"
"79","Locker, A. 1977. Animal bones and shellfish. In D.S. Neal (ed.), Excavations at the Palace of Kings Langley Hertfordshire 1974-1976: 124-165. <em>Medieval Archaeology</em> 21: 160-162.","acznjs","2009-11-20 00:00:00","aczjd","2016-07-03 00:00:00"
"80","MacKinnon, M. Personal communication.","acznjs","2009-11-20 00:00:00","aczjd","2016-07-03 00:00:00"
"81","Maltby, M. 1979. <em>Faunal Studies on Urban Sites: The Animal Bones from Exeter 1971-1975</em>. Exeter Archaeological Reports 2, Department of Prehistory and Archaeology, University of Sheffield, Sheffield.","acznjs","2009-11-20 00:00:00","aczjd","2016-07-03 00:00:00"
"82","Maltby, M. 1982. Animal and bird bones. In R.A. Higham &#038; S. Blaylock, Excavations at Okehampton Castle, Devon. Part 2, the Bailey: 19-151. <em>Proceedings of the Devon Archaeological Society</em> 40: 114-135.","acznjs","2009-11-20 00:00:00","aczjd","2016-07-03 00:00:00"
"83","Maltby, M. 1983. The animal bone. In M. Millett & S. James (eds), Excavations at Cowdery's Down, Basingstoke, Hampshire, 1978-81: 151-279. <em>Archaeological Journal</em> 140: 167-168, 176, 187-192, 258-259.","acznjs","2009-11-20 00:00:00","aczjd","2016-07-03 00:00:00"
"84","Meddens, B 2000. The animal bone. In P. Ellis, <em>The Roman Baths and Macellum at Wroxeter: Excavations by Graham Webster 1955-85</em>. Archaeological Report 9, English Heritage, London: 315-333.","acznjs","2009-11-20 00:00:00","aczjd","2016-07-03 00:00:00"
"85","Nilson, K.M. 1996. Animal bones from terrace III in the lower town of Asine. In R. H&#228;gg, G.C. Nordquist &#038; B. Wells (eds),<em> Asine III. Supplementary Studies on the Swedish Excavations 1922-1930</em>. ActaAth-4&#176;, 45(1), Paul &#197;str&#246;ms F&#246;rlag, Stockholm: 111-115.","acznjs","2009-11-20 00:00:00","aczjd","2016-07-03 00:00:00"
"86","Ninov, L.K. 1999. Vergleichende Untersuchungen zur Jagd und zum Jagdwild wahrend des Neolithikums and Aneolithikums in Bulgarien. In N. Benecke (ed.), <em>The Holocene History of the European Vertebrate Fauna</em>. Verlag Marie Leidorf, Faden: 323-338.","acznjs","2009-11-20 00:00:00","aczjd","2016-07-03 00:00:00"
"87","Noddle, B. 1975. The animal bones. In C. Platt & R. Coleman-Smith (eds), <em>Excavations in Medieval Southampton 1953-1969, Vol. I</em>. The Excavation Reports, Leicester University Press, Leicester: 332-339.","acznjs","2009-11-20 00:00:00","aczjd","2016-07-03 00:00:00"
"88","Noddle, B. 1977. Animal and plant remains. In H. Clarke &#038; Carter, A. (ed.), <em>Excavations in King's Lynn, 1963-1970</em>. Society for Medieval Archaeology Monograph Series No. 7, Vol. 2, London: 378-399.","acznjs","2009-11-20 00:00:00","aczjd","2016-07-03 00:00:00"
"89","Noddle, B. 1980. Identification and interpretation of animal bones. In P. Wade-Martins (ed.), North Elmham Park, vol. II. <em>East Anglian Archaeology Report</em> 9: 375-408.","acznjs","2009-11-20 00:00:00","aczjd","2016-07-03 00:00:00"
"90","Noddle, B. 1985. Animal bones. In R. Shoesmith (ed.), <em>Hereford City Excavations, Vol 3. The Finds</em>. CBA Research Report 56, Council for British Archaeology, London: 84-94.","acznjs","2009-11-20 00:00:00","aczjd","2016-07-03 00:00:00"
"91","Noddle, B. 1985. The animal bones. In G. Webster, P. Fowler, B. Noddle &#038; L. Smith, The excavation of a Romano-British rural establishment at Barnsley Park, Gloucestershire 1961-1979. Part III: 73-100. <em>Transactions of Bristol and Gloucester Archaeological Society</em> 103: 82-92.","acznjs","2009-11-20 00:00:00","aczjd","2016-07-03 00:00:00"
"92","Noddle, B. 1986. The animal bones. In B. Rawes, The Romano-British settlement at Haymes, Cleeve Hill, near Cheltenham: 61-93. <em>Transactions of the Bristol Gloustershire Archaeological Society</em> 104: 92.","acznjs","2009-11-20 00:00:00","aczjd","2016-07-03 00:00:00"
"93","Noddle, B. 2000. Animal bone from the natatio. In P. Ellis, <em>The Roman Baths and Macellum at Wroxeter: Excavations by Graham Webster 1955-86</em>. Archaeological Report 10, English Heritage, London: 333-335.","acznjs","2009-11-20 00:00:00","aczjd","2016-07-03 00:00:00"
"94","O'Connor, T. 1986. The medieval animal bones. In A.D. Zienkiewicz (ed.), <em>The Legionary Fortress Baths at Caerleon II: The Finds</em>. National Museum of Wales/CADW, Cardiff: 225-248.","acznjs","2009-11-20 00:00:00","aczjd","2016-07-03 00:00:00"
"95","Parfitt, S. 1988. The animal bones. In M. Gardiner, Excavations at Testers, White Horse Square, Steyning, 1985: 53-76. <em>Sussex Archaeological Collections</em> 126: 71-73.","acznjs","2009-11-20 00:00:00","aczjd","2016-07-03 00:00:00"
"96","Prummel, W. 1977. Een bewerkt damhertbeen uit het Romeinse Castellum te Valkenburg (Z.H.). <em>Westerheem</em> 26(1): 4-14.","acznjs","2009-11-20 00:00:00","aczjd","2016-07-03 00:00:00"
"97","Rahtz, P. 1977. Fauna. In P. Rahtz &#038; E. Greenfield (eds), <em>Excavations at Chew Valley Lake, Somerset</em>. Archaeological Reports No. 8, Department of the Environment, London: 375-382.","acznjs","2009-11-20 00:00:00","aczjd","2016-07-03 00:00:00"
"98","Rauh, H. 1981. <em>Knochenfunde von S&#228;ugetieren aus dem Demircih&#252;y&#252;k (Nordwestanatolien)</em>. PhD thesis, Institut f&#252;r Pal&#228;oanatomie, Domestikationsforschung und Geschichte der Tiermedizin, Universit&#228;t M&#252;nchen, Munich.","acznjs","2009-11-20 00:00:00","aczjd","2016-07-03 00:00:00"
"99","Reichstein, H. 1979. Erste ergebnisse von untersuchungen an Tierknochen aus bronzezeitlichen Siedlungschichten im n&#246;rdlichen Griechenland (Ausgrabung Kastanas). <em>Jahrbuch des R&#246;misch-Germanischen Zentralmuseums Mainz</em> 26: 239-270.","acznjs","2009-11-20 00:00:00","aczjd","2016-07-03 00:00:00"
"100","Reilly, K. 2001. The animal bones from Fenning's Wharf. In B. Watson, T. Brigham &#038; T. Dyson, <em>London Bridge: 2000 Years of a River Crossing</em>. MoLAS Monograph 8, English Heritage, London: 214-220.","acznjs","2009-11-20 00:00:00","aczjd","2016-07-03 00:00:00"
"101","Ribarov, G. &#038; Bojev, Z. 1990. Investigation of the animal remains from the Late Iron Age Yassa-Tepe near Yambol. <em>Interdisciplinary Researches</em> 17: 83-90.","acznjs","2009-11-20 00:00:00","aczjd","2016-07-03 00:00:00"
"102","Richardson, J. 2002. The mammal bones. In I. Roberts (ed.), <em>Pontefract Castle Archaeological Excavations 1982-86</em>. Yorkshire Archaeology 8, West Yorkshire Archaeological Service: 363-390.","acznjs","2009-11-20 00:00:00","aczjd","2016-07-03 00:00:00"
"103","Russell, N. 1998. The Mesolithic-Neolithic transition in the faunal assemblage from Konispol Cave, Albania. In H. Buitenhuis, L. Bartosiewicz &#038; A.M. Choyke (eds), <em>Archaeozoology of the Near East III. Proceedings of the Third International Symposium on the Archaeozoology of Southwestern Asia and Adjacent areas</em>. Publication 18, Archaeological Research and Consultancy, Groningen: 145-159.","acznjs","2009-11-20 00:00:00","aczjd","2016-07-03 00:00:00"
"104","Sadler, P. 1990. The Faunal remains. In J.R. Fairbrother (ed.), <em>Faccombe Netherton: Excavtions of a Saxon and Medieval Manorial Complex II</em>. British Museum Occasional Paper 74, British Museum, London: 462-508.","acznjs","2009-11-20 00:00:00","aczjd","2016-07-03 00:00:00"
"105","Schibler, J. &#038; Furger, A.R. 1988. <em>Die Tierknochenfunde aus Augusta Raurica (Grabungen 1955-1974)</em>. Forschungen in Augst 9, R&#246;mermuseum Augst, Angst, 240p. See also Schmid, E. 1965. Damhirsche im r&#246;mischen Augst <em>Ur-Schweiz</em> 29: 53-63.","acznjs","2009-11-20 00:00:00","aczjd","2016-07-03 00:00:00"
"106","Schwartz, C.A. 1985. Ayios Petros: the vertebrate and molluscan fauna final report. In N. Efstratiou (ed.), <em>Agios Petros. A Neolithic Site in the Northern Sporades: Aegean Relationships during the 5th Millennium</em>. BAR International Series 241, Archaeopress, Oxford: 151-163.","acznjs","2009-11-20 00:00:00","aczjd","2016-07-03 00:00:00"
"107","Scott, S. 1991. The animal bones. In P. Armstrong, D. Tomlinson &#038; D. H. Evans (eds), <em>Excavations at Lurk Lane, Beverley 1979-82</em>. Sheffield Archaeological Reports 1, John Collis, Sheffield: 216-233.","acznjs","2009-11-20 00:00:00","aczjd","2016-07-03 00:00:00"
"108","Smith, P. 2000. Analysis of the 11th-12th century animal bone. In C.J. Young (ed.), <em>Excavations at Carisbrooke Castle, Isle of Wight, 1921-1996</em>. Wessex Archaeology Report No. 18, Trust for Wessex Archaeology, Salisbury: 177-217.","acznjs","2009-11-20 00:00:00","aczjd","2016-07-03 00:00:00"
"109","Stallibrass, S. 1988. The animal bones. In C. Scull, Excavations in  the Cloister of St. Fridewide's Priory, 1985: 21-73. <em>Oxoniensia</em> 53: 56-60.","acznjs","2009-11-20 00:00:00","aczjd","2016-07-03 00:00:00"
"110","Startin, J. 1981. Animal bone. In D.W.A. Startin (ed.), Excavations at South Grove Cottage: 21-42. <em>Proceedings of the Dorset Natural History and Archaeological Society</em> 103: 42.","acznjs","2009-11-20 00:00:00","aczjd","2016-07-03 00:00:00"
"111","Takao&#287;lu, T. 2006. The Late Neolithic in the Eastern Aegean, excavations at G&#252;lpinar in the Troad. <em>Hesperia</em> 75: 289-315.","acznjs","2009-11-20 00:00:00","aczjd","2016-07-03 00:00:00"
"112","Thawley, C. 1981. The mammal, bird and fish bones. In  J.E. Mellor &#038; T. Pearce (eds), <em>The Austin Friars, Leicester</em>. CBA Research Report 35, Leicester County Council, Leicester: 173-175.","acznjs","2009-11-20 00:00:00","aczjd","2016-07-03 00:00:00"
"113","Thomas, R.M. 2005. <em>Animals, Economy and Status: Integrating Zooarchaeological and Historical Data in the Study of Dudley Castle, West Midlands (c.1100-1750)</em>. BAR British Series 392, Archaeopress, Oxford, 232p.","acznjs","2009-11-20 00:00:00","aczjd","2016-07-03 00:00:00"
"114","Tranier, M. 1973. Antre Corcyien, note sur la faune des vert&#233;br&#233;s associ&#233;s au gisement Pr&#233;historique. <em>Bulletin de Correspondences Hell&#233;niques</em> 97: 528-535.","acznjs","2009-11-20 00:00:00","aczjd","2016-07-03 00:00:00"
"115","Twiss, K., Martin, L., Pawlowska, K. &#038; Russell, N. 2005. Cultural and environmental materials reports: animal bone report. Online archive report. http://www.catalhoyuk.com/archive_reports/2005/ar05_21.html","acznjs","2009-11-20 00:00:00","aczjd","2016-07-03 00:00:00"
"116","Uerpmann, H.-P. 1970. <em>Die Tierknochenfunde aus der Talayot-Siedlung von S'Illot (San Lorenzo, Mallorca)</em>. Institut f&#252;r Pal&#228;oanatomie, Domestikationsforschung und Geschichte der Tiermedizin, Universit&#228;t M&#252;nchen, Munich.","acznjs","2009-11-20 00:00:00","aczjd","2016-07-03 00:00:00"
"117","Watson, J.P.N. &#038; Stanley Price, N.P. 1992. The mammals. In A. Small (ed), <em>An Iron Age and Roman Republican Settlement on Botromagno, Gravina di Puglia, Excavations of 1965-1974, vol.1: The site</em>. BSR Archaeological Monographs 5, British School at Rome, London:  93-120.","acznjs","2009-11-20 00:00:00","aczjd","2016-07-03 00:00:00"
"118","Westley, B. 1977. Animal bones. in K.J. Barton &#038; E.W. Holden, Excavations at Bramber Castle, Sussex, 1966-67: 11-79. <em>Archaeological Journal</em> 134: 67-68.","acznjs","2009-11-20 00:00:00","aczjd","2016-07-03 00:00:00"
"119","Wilkens, B. 1996. I resti faunistici di Haghia Triada (Creta) in et&#224; neo e post-palaziale. Nota preliminare. In E. de Miro, L. Godart &#038; A. Sacconi (eds), <em>Atti e Memorie del Secondo Congresso Internazionale di Micenologia, Roma-Napoli, 14-20 Ottobre 1991. Vol. 3</em>. Archeologia GEI, Rome: 1511-1520.","acznjs","2009-11-20 00:00:00","aczjd","2016-07-03 00:00:00"
"120","Wilkens, B. 2001. I resti faunistici provenienti da alcuni settori del Pretorio di Cortina. In A. DiVito (ed.), <em>Gortina V.3:1 Lo Scavo del Pretorio (1989-1995)</em>. Monographie della Scuola Archeologica di Atene, Athens: 731-766.","acznjs","2009-11-20 00:00:00","aczjd","2016-07-03 00:00:00"
"121","Wilkens, B. 2003. Hunting and breeding in ancient Crete. In E. Kotjabopoulou, Y. Hamilakis, P. Halstead, C. Gamble &#038; P. Elefanti (eds), <em>Zooarchaeology in Greece: Recent Advances</em>. BSA Studies 9. British School at Athens, Athens: 85-90.","acznjs","2009-11-20 00:00:00","aczjd","2016-07-03 00:00:00"
"122","Wilson, B. &#038; Bramwell, D. 1980. Animal bone and shell. In N. Palmer, A Beaker burial and medieval tenement in The Hamel, Oxford:124-225. <em>Oxoniensia</em> 45: 198-199.","acznjs","2009-11-20 00:00:00","aczjd","2016-07-03 00:00:00"
"123","Wilson, B., Bramwell, D. &#038; Wheeler, A. 1975. The animal bones from the Broad Street and Old Gaol sites. <em>Oxoniensia</em> 40: 105-121.","acznjs","2009-11-20 00:00:00","aczjd","2016-07-03 00:00:00"
"124","Yannouli, E. 1994. <em>Aspects of Animal use in Prehistoric Macedonia, Northern Greece: Examples from the Neolithic and Early Bronze Age</em>. PhD Thesis, St Edmunds College, University of Cambridge, Cambridge.","acznjs","2009-11-20 00:00:00","aczjd","2016-07-03 00:00:00"
"125","Yannouli, E. 1997. Dhimitra, a Neolithic and Late Bronze age village in Northern Greece: the faunal remains. In D.V. Grammenos (ed.), <em>N&#949;&#959;&#955;&#953;&#952;&#953;&#954;&#951; M&#945;&#954;&#949;&#948;&#959;&#957;&#953;&#945; (Neolithic Macedonia)</em>. The Archaeological Receipts Fund, Athens: 101-127.","acznjs","2009-11-20 00:00:00","aczjd","2016-07-03 00:00:00"
"126","Yannouli, E. &#038; Trantalidou, K. 1999. The fallow deer (<em>Dama dama</em> Linnaeus, 1758): archaeological presence and representation in Greece. In N. Benecke (ed.), <em>The Holocene History of the European Vertebrate Fauna: Modern Aspects of Research</em>. Verlag Marie Leidorf, Rahden: 247-281.","acznjs","2009-11-20 00:00:00","aczjd","2016-07-03 00:00:00"
"127","Becker, C. 1986. <em>Kastanas: Ausgrabungen in einem Siedlungshugel der Bronze und Eisenzeit Makedoniens 1975-1979 - Die Tierknochenfunde</em>. Prähistorische Archäologie in Südosteuropa 5, Wissenschaftsverlag Volker Spiess, Berlin.","acznjs","2009-11-20 00:00:00","aczjd","2016-07-02 00:00:00"
"128","Driesch, von den A. 1999. Arch&#228;ozoologische Untersuchungen an Tierknochen aus dem Dritten und Ersten Vorchristlichen Jahrtausend von Be&#351;ik-Yassitepe, Westt&#252;rkei. <em>Studia Troica</em> 9: 439-474.","acznjs","2010-01-19 00:00:00","aczjd","2016-07-03 00:00:00"
"129","Sykes, N.J. Personal communication.","acznjs","2010-04-30 00:00:00","aczjd","2016-07-03 00:00:00"
"130","Allen, M. &#038; Sykes, N. Personnal communication.","acznjs","2010-04-30 00:00:00","aczjd","2016-07-03 00:00:00"
"131","Baker, P. Personal communication.","acznjs","2010-05-19 00:00:00","aczjd","2016-07-03 00:00:00"
"132","Holmes, M. 2009. The animal bone. In C. Hewitson (ed.), <em>Westgate, Area 1, Wakefield</em>. Birmingham Archaeology, Unpublished report PN1881.","acznjs","2010-07-06 00:00:00","aczjd","2016-07-03 00:00:00"
"133","Sykes, N.J. 2001. <em>The Norman Conquest: A Zooarchaeological Perspective</em>. Unpublished PhD thesis, University of Southampton, Southampton.","acznjs","2010-07-08 00:00:00","aczjd","2016-07-03 00:00:00"
"134","Gi&#380;ejewski, Z.,  Wojtal, P., Csap&#243;, J. Gi&#380;ejewski, J., Jaczewski, Z. &#038; Csap&#243; Jr., J. 2004. Remains of Late Pleistocene reindeer from Chmielewo, northeast Poland. <em>European Journal of Wildlife Research</em> 50: 207-212.","acznjs","2010-07-09 00:00:00","aczjd","2016-07-03 00:00:00"
"135","De Cupere, B. Personal communication.","acznjs","2010-07-13 00:00:00","aczjd","2016-07-03 00:00:00"
"136","B&#246;k&#246;nyi S. 1971. Angaben zum fr&#252;hholoz&#228;nen vorkommen des damhirsches, <em>Cervus</em> (<em>Dama</em>) <em>dama</em> (Linn&#233;, 1758), in Europa. <em>Sgetierkundliche Mitteilungen</em> 19: 206-217.","acznjs","2010-07-14 00:00:00","aczjd","2016-07-02 00:00:00"
"137","Thomas, R.M. Personal communication.","acznjs","2010-07-14 00:00:00","aczjd","2016-07-03 00:00:00"
"138","Johnstone, C. 1997. <em>Technical report: Preliminary results from the investigation of vertebrate remains from Castagna, Sicily (site code: CA94)</em>. Reports from the Environmental Archaeology Unit, York 97/53.","acznjs","2010-09-14 00:00:00","aczjd","2016-07-03 00:00:00"
"139","Sykes, N.J., Ingrem, C. &#038; Ayres K. 2005. The bones and shell. In R. Poulton (ed.), <em>A Medieval Royal Complex at Guildford: Excavations at the Castle and Palace</em>. Surrey Archaeological Society, Guildford: 116-132.","acznjs","2010-10-01 00:00:00","aczjd","2016-07-03 00:00:00"
"140","Schmid, E. 1965. Damhirsche im r&#246;mischen Augst <em>Ur-Schweiz</em> 29: 53-63.","acznjs","2010-10-05 00:00:00","aczjd","2016-07-03 00:00:00"
"141","Maltby, M. &#038; Hambleton, E. 2004. <em>Animal bones from Laugharne Castle, Dyfed, Wales</em>. Unpublished Report for CADW.","acznjs","2010-10-10 00:00:00","aczjd","2016-07-03 00:00:00"
"142","De Cupere, B., Duru, R. &#038; Umurtak, G. 2008. Animal husbadnry at the early Neolithic to early Bronze Age site of Badema&#287;ac&#305; (Antalya province, SW Turkey) evidence from the faunal remains. In E. Vila, L. Gourichon, A.M. Choyke &#038; H. Buitenhuis (eds), <em>Proceedings of the eighth International Symposium on the ASWA. Archaeozoology of the Near East VIII/1</em>.  Maison de l’Orient et de la M&#233;diterran&#233;e, Lyon:  367-405","acznjs","2010-11-02 00:00:00","aczjd","2016-07-03 00:00:00"
"143","De Cupere, B. &#038; Duru, R. 2003. Faunal remains from Neolithic H&#246;y&#252;cek (SW-Turkey) and the presence of early domestic cattle in Anatolia. <em>Pal&#233;orient</em> 29(1): 107-120.","acznjs","2010-11-09 00:00:00","aczjd","2016-07-03 00:00:00"
"144","Beglane, F. 2006. The faunal material. In &#211;. Baoill, Excavations at Newtownstewart Castle, County Tyrone. <em>Ulster Journal of Archaeology</em> 64: 95-102.","acznjs","2010-11-10 00:00:00","aczjd","2016-07-02 00:00:00"
"145","Carenti. G. 2012. L'area 20100 del bastione S. Giacomo ad Alghero: le faune tra XVI e XVII secolo. In J. De Grossi Mazzorin, D. Sacc&#224; &#038; C. Tozzi (eds), <em>Atti del VI Convegno Nazionale di Archeozoologia</em>. Parco dell'Orecchiella, San Romano in Garfagnan, Lucca, Italy: 291-296.","aczrm","2012-03-14 00:00:00","aczjd","2016-07-02 00:00:00"
"146","Westoby, J. Unpublished. Recorded by J. Westoby.","aczrm","2012-04-03 00:00:00","aczjd","2016-07-03 00:00:00"
"147","Bowen, F. Unpublished data, Norma Chapman Collection.","aczrm","2012-04-18 00:00:00","aczjd","2016-07-02 00:00:00"
"148","Bejenaru, L. 2009. <em>Archaeozoological Approaches to Medieval Moldavia</em>. BAR International Series 1954, Archaeopress, Oxford, 153p.","aczrm","2012-05-10 00:00:00","aczjd","2016-07-02 00:00:00"
"149","Manaseryan, N. Personal communication.","aczrm","2012-06-19 00:00:00","aczjd","2016-07-03 00:00:00"
"150","Detry, C. Personal communication. Unpublished data.","aczrm","2012-06-19 00:00:00","aczjd","2016-07-03 00:00:00"
"151","Morris, J. 2011. <em>Assessment of the animal bone from Tothill Street, Minster, Kent (KT-TSM10)</em>. Unpublished MoLA Assessment BON/ASS/06/2011.","aczrm","2012-06-19 00:00:00","aczjd","2016-07-03 00:00:00"
"152","Unpublished MoLA collections","aczrm","2012-06-19 00:00:00","",""
"153","Maltby, M. 2010. <em>Feeding a Roman Town</em>. Winchester Museums, Winchester: 78-79.","aczrm","2012-06-19 00:00:00","aczjd","2016-07-03 00:00:00"
"154","Ward, R. 2010. <em>The Animal Bone from Sparsholt Villa</em>. Unpublished MA dissertation, University of Southampton, Southampton.","aczrm","2012-06-19 00:00:00","aczjd","2016-07-03 00:00:00"
"155","Alen, A., Pigi&#232;re, F., Wouters, W. &#038; Van Neer, W. 2013. Boussu-Boussu: la faune du ch&#226;teau de Boussu. <em>Chronique de l’Arch&#233;ologie wallonne</em> 20: 108-110.","aczrm","2012-06-22 00:00:00","aczjd","2016-07-02 00:00:00"
"156","Esser, E. &#038; Beerenhout, B. 2007. <em>Bijzonder bot uit de Bierstraat</em>. Ossicle 124 (intern report Archeoplan Eco), Delft.","aczrm","2012-07-02 00:00:00","aczjd","2016-07-03 00:00:00"
"157","Zeiler, J.T. 2007. <em>Adellijk afval: archeozo&#246;logisch onderzoek van de laat-middeleeuwse kastelen Egmond en Brederode</em>. ArchaeoBone Rapport 61, Intern rapport in opdracht van Provincie Noord-Holland, ArchaeoBone, Leeuwarden, 30p.","aczrm","2012-07-02 00:00:00","aczjd","2016-07-03 00:00:00"
"158","Petts, D. Personal communication.","aczrm","2012-07-02 00:00:00","aczjd","2016-07-03 00:00:00"
"159","Brown, R. &#038; Hardy, A. 2011. <em>Trade and Prosperity, War and Poverty: An Archaeological and Historical Investigation Into Southampton's French Quarter</em>. Oxford Archaeology, Oxford, 375p.","aczrm","2012-07-02 00:00:00","aczjd","2016-07-02 00:00:00"
"160","Madgwick, R. Personal communication. Unpublished data.","aczrm","2012-07-02 00:00:00","aczjd","2016-07-03 00:00:00"
"161","Strid, L. 2012. <em>EKA Assessment Summary</em>. Unpublished report, Oxford Archaeology.","aczrm","2012-07-02 00:00:00","aczjd","2016-07-03 00:00:00"
"162","Jong, T. de, Carmiggelt, A. &#038; Van den Eynde, G. 1997. Met de Nassaus aan tafel: dierlijk botmateriaal uit het kasteel van Breda onderzocht. <em>Brabants Heem</em> 49: 121-129.","aczrm","2012-08-07 00:00:00","aczjd","2016-07-03 00:00:00"
"163","Gal, E. Personal communication.","aczrm","2012-10-10 00:00:00","aczjd","2016-07-03 00:00:00"
"164","G&#252;ndem, C.Y. 2010. Animal based economy in Troia and the Troas during the maritime Troy Culture (c. 3000-2200 BC) and a general summary for West Anatolia. Unpublished PhD thesis, University of T&#252;bingen, T&#252;bingen.","acznjs","2012-11-30 00:00:00","aczjd","2016-07-03 00:00:00"
"165","Atici, L. Reference Collection, University of Nevada Las Vegas.","acznjs","2015-10-24 00:00:00","aczjd","2016-04-05 00:00:00"
"166","Daujat, J. 2013. <em>Ungulate invasion on a Mediterranean island: the Cypriot Mesopotamian fallow deer over the past 10,000 years</em>. Unpublished PhD thesis, Muséum national d'Histoire naturelle de Paris, FR/University of Aberdeen, UK. Recorded by J. Daujat. NB: linked to Daujat et al. in prep. New methodological approach to investigate morphological variability in highly sexually dimorphic species. <em>Journal of Archaeological Science</em> (intended journal).","acznjs","2015-10-24 00:00:00","aczjd","2016-07-03 00:00:00"
"167","Carden, R.F. 2006. <em>Putting the flesh on bones: the life and death of the giant Irish deer (</em>Megaloceros giganteus<em>, Blumenbach 1803)</em>. Ph.D. Thesis, National University of Ireland, University College Dublin, Dublin, 402p.","acznjs","2015-10-24 00:00:00","aczjd","2016-07-02 00:00:00"
"168","Sykes, N.J., White, J., Hayes, T.E. &#038; Palmer, M.R. (2006). Tracking animals using strontium isotopes in teeth: the role of fallow deer (<em>Dama dama</em>) in Roman Britain. <em>Antiquity</em> 80: 948-959.","aczhm","2015-11-13 00:00:00","aczjd","2016-07-03 00:00:00"
"169","Jay, M. &#038; Richards, M.P. 2007. British Iron Age diet: stable isotopes and other evidence. <em>Proceedings of the Prehistoric Society</em> 73: 169-190.","aczhm","2015-11-17 00:00:00","aczjd","2016-07-03 00:00:00"
"170","Weinstock, J. 2000. <em>Late Pleistocene reindeer populations in Middle and Western Europe: an osteometric study of </em> Rangifer tarandus. BioArchaeologica 3, Mo Vince Verlag. T&#252;bingen, 307p.","acznjs","2015-12-29 00:00:00","aczjd","2016-07-03 00:00:00"
"171","Jay, M. Personal communication.","aczhm","2015-12-30 00:00:00","aczjd","2016-07-03 00:00:00"
"172","Jay, M. The High Pasture Cave Project: http://www.high-pasture cave.org/index.php/home/.","aczhm","2015-12-30 00:00:00","aczjd","2016-07-03 00:00:00"
"173","Jay, M., Grimes, V. &#038; Richards, M.P. 2012. Stable isotope analyses of animal bone from Pontenewydd Cave. In S. Aldhouse-Green, R. Peterson &#038; E. A. Walker (eds), <em>Neanderthals in Wales: Pontnewydd and the Elwy Valley</em>. Oxford, Oxbow Books: 320-326.","aczhm","2015-12-30 00:00:00","aczjd","2016-07-03 00:00:00"
"174","Billson, R.A. 2008. <em>An Investigation into the Relationship Between the Size of Antlers and Age of Animal in Fallow Deer (Dama dama) Bucks, and the Possibility of Aging Antlers Recovered from Archaeological Excavations</em>. Unpublished BSc thesis, University of London, London.","acznjs","2015-12-31 00:00:00","aczjd","2016-07-02 00:00:00"
"175","Harris, K.M. 2014. <em>The social role of hunting and wild animals in Late Bronze Age Crete: a social zooarchaeological analysis</em>. Unpublished PhD thesis, University of Southampton, Southampton. See also: Hallager, E. 2001. A waste deposit from a LBA-shrine in Khania?. In R. Laffineur &#038; R. Hagg (eds), <em>Potnia: Deities and Religion in the Aegean Bronze Age. Proceedings of the 8th International Aegean Conference Göteborg, Göteborg University, 12-15 April 2000</em>. Aegeum 22, University of Liege and University of Texas at Austin, Liege and Austin: 175-180.","acznjs","2015-12-31 00:00:00","aczjd","2016-08-31 00:00:00"
"176","Vigne J-D. 2011. Le daim de M&#233;sopotamie (<em>Dama dama mesopotamica</em>). In J. Guilaine, F. Briois &#038; J.-D. Vigne (eds), <em>Shillourokambos. Un &#233;tablissement n&#233;olithique pr&#233;-c&#233;ramique &#224; Chypre. Les fouilles du Secteur 1</em>. Errance/ &#201;cole Fran&#231;aise d’Ath&#232;nes, Paris: 971–1000.","acznjs","2015-12-31 00:00:00","aczjd","2016-07-03 00:00:00"
"177","Croft P. 2003. The Animal Bones. In E. Peltenburgh (ed.), <em>The Colonisation and Settlement of Cyprus. Investigations at Kissornerga-Mylouthkia, 1976-1996</em>. Studies in Mediterranean Archaeology LXX:4 (Lemba Archaeological Project, Cyprus, III:1), Paul &#197;str&#246;ms, S&#228;vedalen: 49-58 (Part I: Cypro-PPNB), 225-238 (Part II: Chalcolithic). Publication, images and data can be downloaded from here: http://archaeologydataservice.ac.uk/archives/view/mylouthkia_ba_2009/downloads.cfm?CFID=1166723&CFTOKEN=E0DAE40D-F8DF-488D-A4D26224083943C7","acznjs","2016-01-09 00:00:00","aczjd","2016-07-02 00:00:00"
"178","Croft P. 2008. Appendix A. Animal remains from Paralimni-Nissia. In P. Flourentzos, <em>The Neolithic settlement of Paralimni</em>. The Department of Antiquities of Cyprus, Nicosia: 101-113.","aczhm","2016-01-16 00:00:00","aczjd","2016-07-02 00:00:00"
"179","Croft P. 2005. Mammalian fauna. In I. Todd (ed.), <em>Excavations at Kalavasos-Tenta. Volume II</em>. Studies in Mediterranean Archaeology LXXI: 7 (Vasilikos Valley Project 7), Paul &#197;str&#246;ms, S&#228;vedalen: 342-367.","aczhm","2016-01-16 00:00:00","aczjd","2016-07-02 00:00:00"
"180","Croft P. 1996. Animal remains. In D. Frankel &#038; J. Webb (eds), <em>Marki Alonia. An early and middle Bronze Age town in Cyprus. Excavations 1990-1994</em>. Studies in Mediterranean Archaeology CXXIII: 1, Paul &#197;str&#246;ms, Jonsered: 217-223. Croft P. 2006. Animal bones. In D. Frankel &#038; J. Webb (eds), <em>Marki Alonia. An early and middle Bronze Age town in Cyprus. Excavations 1995-2000</em>. Studies in Mediterranean Archaeology CXXIII: 2, Paul &#197;str&#246;ms, Jonsered; 263-281. This publication has a CD-Rom containing all the raw data.","aczhm","2016-01-16 00:00:00","aczjd","2016-07-02 00:00:00"
"181","Sykes, N.J. Personal communication. Muséum national d'Histoire naturelle collection.","acznjs","2016-01-16 00:00:00","aczjd","2016-07-03 00:00:00"
"182","Beglane, F. 2010. Deer and Identity in Medieval Ireland. In M. Kucera &#038; G.-K. Kunst (eds), <em>Bestial Mirrors: Animals as material culture in the Middle Ages &#8722; 3: Using animals to construct human identities in Medieval Europe</em>.  Vienna Institute for Archaeological Science, Vienna: 77-84.","aczhm","2016-01-18 00:00:00","aczjd","2016-07-02 00:00:00"
"183","Beglane, F. 2015a. The social significance of game in the diet of later medieval Ireland. <em>Proceedings of the Royal Irish Academy</em> 115C: 1-30.","aczhm","2016-01-18 00:00:00","aczjd","2016-07-02 00:00:00"
"184","Beglane, F. 2015b. <em>Anglo-Norman parks in medieval Ireland: 1169-c.1350</em>.  Four Courts Press, Dublin, 240p.","aczhm","2016-01-18 00:00:00","aczjd","2016-07-02 00:00:00"
"185","Ayton, G. 2011. <em>The mammal and bird bone from Carisbrooke Castle, Isle of Wight, 2006 and 2008 excavations</em>. Research Department Report Series 65-2011, English Heritage, 55 p.","aczhm","2016-01-21 00:00:00","aczjd","2016-04-05 00:00:00"
"186","Çak&#305;rlar, C. 2012. Neolithic Dairy Technology at the European-Anatolian Frontier: Implications of Archaeozoological Evidence from Ulucak H&#246;y&#252;k, &#304;zmir, Turkey, ca. 7000-5700 cal. BC. <em>Anthropozoologica</em> 47(2) : 79–100.","aczhm","2016-01-21 00:00:00","aczjd","2016-07-02 00:00:00"
"187","Bar-Oz, G. 2004. <em>Epipalaeolithic subsistence strategies in the Levant. A zooarchaeological perspective</em>. Brill Academic Publishers, Boston, 156p.","aczjd","2016-02-19 00:00:00","aczjd","2016-07-02 00:00:00"
"188","Atici, L. 2009. Implications of age structures for Epipaleolithic hunting strategies in the Western Taurus Mountains, Southwest Turkey. <em>Anthropozoologica</em> 44(1): 13-39. Unpublished data, recorded by L. Atici.","aczjd","2016-02-19 00:00:00","aczjd","2016-07-02 00:00:00"
"189","Buitenhuis, H. 2008. Il&#305;p&#305;nar: the faunal remains from the late Neolithic and early Chalcolithic. In E. Vila, L. Gourichon, A.M. Choyke &#038; H. Buitenhuis (eds), <em>Proceedings of the eighth International Symposium on the ASWA. Archaeozoology of the Near East VIII/1</em>.  Maison de l’Orient et de la M&#233;diterran&#233;e, Lyon: 299-322.","aczjd","2016-02-26 00:00:00","aczjd","2016-07-03 00:00:00"
"190","Valenzuela, A. Personal communication.","aczjd","2016-04-04 00:00:00","aczjd","2016-07-03 00:00:00"
"191","Jay, M. &#038; Richards, M.P. 2006. Diet in the Iron Age cemetery population at Wetwang Slack, East Yorkshire, UK: carbon and nitrogen stable isotope evidence. <em>Journal of Archaeological Science</em> 33: 653-662.","aczhm","2016-04-20 00:00:00","aczjd","2016-07-03 00:00:00"
"192","Jay, M. 2005. <em>Stable Isotope Evidence for British Iron Age Diet: Inter- and intra-site variation in carbon and nitrogen from bone collagen at Wetwang in East Yorkshire and sites in East Lothian, Hampshire and Cornwall</em>. Unpublished PhD Thesis, University of Bradford, Bradford.","aczhm","2016-04-20 00:00:00","aczjd","2016-07-03 00:00:00"
"193","Trantalidou, K. Personal communication.","aczhm","2016-04-20 00:00:00","aczjd","2016-07-03 00:00:00"
"194","Stockhammer, P.W. Institut f&#252;r Ur- und Fr&#252;hgeschichte und Vorderasiatische Arch&#228;ologie Universit&#228;t Heidelberg and Gorzyk, J. Cornell University, excavation. Personal communication.","aczhm","2016-04-20 00:00:00","aczjd","2016-07-03 00:00:00"
"195","Bejanaru, L., Oleic, C. &#038; Stanc, S. 2009. A faunal assemblage from the Chalcolithic settlement of Poduri-Dealul Ghindaru (Bacau country). Preliminary data on subsistence patters associated with Cucuteni-phase B level. <em>Analele &#350;tiin&#355;ifice ale Universit&#259;&#355;ii „Al. I. Cuza” Ia&#351;i, s. Biologie animal&#259;</em> 55: 223-227.","aczhm","2016-04-20 00:00:00","aczjd","2016-07-02 00:00:00"
"196","Wilson, R.J.A. 2000. Campanaio - an agricultural settlement in Roman Sicily. <em>Antiquity</em> 74(284): 289-290. Wilson, R.J.A. 1996. Rural life in Roman Sicily: excavations at Castagna and Campanaio. In R.J.A. Wilson (ed.), <em>From River Trent to Raqqa. Nottingham University Archaeological Fieldwork in Britain, Europe and the Middle East, 1991-1995</em>. Nottingham Studies in Archaeology 1, University of Nottingham, Exeter: 24-41.","aczhm","2016-04-20 00:00:00","aczjd","2016-07-03 00:00:00"
"197","Sicard, S. Personal communication. Arch&#233;ologue d&#233;partemental de la Charente, responsable du d&#233;p&#244;t de fouille.","aczhm","2016-04-20 00:00:00","aczjd","2016-07-03 00:00:00"
"201","Perdikaris, S. Personnal communication. Human Ecodynamics Research Center, GSUC CUNY and Barbuda Research Complex, Codrington Barbuda. Collection studied with permission from Perdikaris, S.","aczhm","2016-04-20 00:00:00","aczjd","2016-07-03 00:00:00"
"202","Wilkens, B. Personal communication.","aczhm","2016-04-20 00:00:00","aczjd","2016-07-02 00:00:00"
"203","Rainsford, C. Personal communication. York Archaeological Trust.","aczhm","2016-04-20 00:00:00","aczjd","2016-07-03 00:00:00"
"204","White, J. 2005. <em>The Mammal Bones from Windsor Castle: The Round Tower and the Fire Project, 1989-1997</em>. Unpublished report . English Heritage, Portsmouth.","aczhm","2016-04-20 00:00:00","aczjd","2016-07-03 00:00:00"
"205","Bonafini, M., Pellegrini, M., Ditchfield, P. &#038; Pollard, A.M. 2013. Investigation of the 'canopy effect' in the isotope ecology of temperate woodlands. <em>Journal of Archaeological Science</em> 40(11): 3926-3935.","aczhm","2016-04-20 00:00:00","aczjd","2016-07-02 00:00:00"
"206","Bartosiewicz, L. 2013. Animals in Bronze Age Europe. In H. Fokkens &#038; A. Harding (eds), <em>The Oxford Handbook of the European Bronze Age</em>. Oxford University Press, Oxford: 328-347.","aczjd","2016-06-29 00:00:00","aczjd","2016-07-02 00:00:00"
"209","Canan Çakirlar pers comm","admin","2018-08-29 00:00:00","",""
