dataset,ID,label,source,term,
aepyceros,,Weight,,body mass,
aepyceros,,Grst Breadth acss Orbits,,,
aepyceros,,Grst Breadth across the premaxillae/Muzzle Width,,,
aepyceros,,Occipital/Cranial Height (base of foramen magnum to top of the occipital region),,,
aepyceros,,Skull width across mastoids immediately behind external auditory meati,,,
aepyceros,,Length of nuchal crest (from nodual to nodual on nuchal crest),,,
aepyceros,,Greatest Breadth of occipital condyles,,,
aepyceros,,Greatest Breadth of Foramen Magnum,,,
aepyceros,,Depth of Foramen Magnum,,,
aepyceros,,Nuchal crest (1-5),,,
aepyceros,,Grst Breadth of the base of paraoccipital process,,,
aepyceros,,Length of the paraoccipital process,,,
aepyceros,,"Width of Paraoccipital Process, right below auditory bullae",,,
aepyceros,,Length of molar row (@ alvelous) Maxilla ,,,
aepyceros,,Length of Premolar row (@ alvelous) Maxilla ,,,
aepyceros,,Occlusal length M3,,M3 occlusal length,
aepyceros,,Occlusal width M3,,M3 occlusal width,
aepyceros,,Occlusal width M3_ remeasured 11_2016,,M3 occlusal width,
aepyceros,,Occlusal length M2,,M2 occlusal length,
aepyceros,,Occlusal length M2_remeasured 11_2016,,M2 occlusal length,
aepyceros,,Occlusal width M2,,M2 occlusal width,
aepyceros,,Occlusal width M2_remeasured 11_2016,,M2 occlusal width,
aepyceros,,Occlusal length M1,,M1 occlusal length,
aepyceros,,Occlusal width M1,,M1 occlusal width,
aepyceros,,Occlusal length P4,,P4 occlusal length,
aepyceros,,Occlusal Width P4,,P4 occlusal width,
aepyceros,,Occlusal length P2,,P2 occlusal length,
aepyceros,,Occlusal Width P2,,P2 occlusal width,
aepyceros,,Anterior jaw length,,,
aepyceros,,Posterior jaw length,,,
aepyceros,,max width of the mandibluar angle,,,
aepyceros,,Length of molar row (@ alvelous) Mandible ,,,
aepyceros,,Length of Premolar row (@ alvelous) Mandible ,,,
aepyceros,,Depth of Mandible between M1 and M2,,,
aepyceros,,Depth of Mandible between M2 and M3,,,
aepyceros,,Mandibular Width at M2,,,
aepyceros,,Diastema depth at alveolus,,,
aepyceros,,Occlusal length M3,,m3 occlusal length,
aepyceros,,Occlusal length M3_remeasured 11_2016,,m3 occlusal length,
aepyceros,,Occlusal width M3,,m3 occlusal width,
aepyceros,,Occlusal width M3_remeasured 11_2016,,m3 occlusal width,
aepyceros,,Occlusal length M2,,m2 occlusal length,
aepyceros,,Occlusal length M2_remeasured 11_2016,,m2 occlusal length,
aepyceros,,Occlusal width M2,,m2 occlusal width,
aepyceros,,Occlusal width M2_remeasured 11_2016,,m2 occlusal width,
aepyceros,,Occlusal length M1,,m1 occlusal length,
aepyceros,,Occlusal length M1_remeasured 11_2016,,m1 occlusal length,
aepyceros,,Occlusal width M1,,m1 occlusal width,
aepyceros,,Occlusal width M1_remeasured 11_2016,,m1 occlusal width,
aepyceros,,Occlusal length P4,,p4 occlusal length,
aepyceros,,Occlusal width P4,,p4 occlusal width,
aepyceros,,Occlusal length P2,,p2 occlusal length,
aepyceros,,Occlusal width P2,,p2 occlusal width,
aepyceros,,Humerus Length,,humerus length,
aepyceros,,Humerus Width Shaft  AP,,humerus diaphysis depth,
aepyceros,,Humerus Width Shaft ML,,humerus diaphysis breadth,
aepyceros,,Humerus Width Distal 1 (capitulum),,,
aepyceros,,Humerus Width Distal 2 (epicondyles),,,
aepyceros,,Humerus Width Proximal (humeral head),,,
aepyceros,,Femur Length,,femur length,
aepyceros,,Femur Width Shaft AP,,femur diaphysis depth,
aepyceros,,Femur Width ML,,femur diaphysis breadth,
aepyceros,,Femur Width Distal 1 (region above condyles and below patellar surface),,,
aepyceros,,Femur Width Distal 2 (condyles),,,
aepyceros,,Femur Width Proximal 1 (intertrochanteric crest),,,
aepyceros,,Femur Width Proxial 2 (less trochanter to head),,,
aepyceros,,Medapodial Length,,metapodial length,
aepyceros,,Medapodial Width AP,,metapodial depth,
aepyceros,,Medapodial Width ML,,metapodial breadth,
aepyceros,,Astragalus Length,,talus length,
aepyceros,,Astragalus Width,,talus breadth,
blois,,ear.length.mm,,ear length to notch,
blois,,hind.foot.length.mm,,hind food length,
blois,,tail.length.mm,,tail length,
blois,,total.length.mm,,body length with tail,
blois,,body.mass.g,,body mass,
blois,,c.toothrow.1.mm,,tooth row length,
blois,,c.toothrow.2.mm,,tooth row length,
blois,,c.diastema.1.mm,,,
blois,,c.diastema.2.mm,,,
Oregon FWS,,weight,,body mass,
Oregon FWS,,length,,body length with tail,
vertnet,,placental_scar_count.1.left,,,
vertnet,,placental_scar_count.1.right,,,
vertnet,,embryo count male,,,
vertnet,,embryo count female,,,
vertnet,,embryo length,,,
vertnet,,embryo count,,,
vertnet,,ovaries_size.1.length,,,
vertnet,,ovaries_size.1.width,,,
vertnet,,tragus_length,,ear length to tragus,
vertnet,,testes_size.1.width,,,
vertnet,,testes_size.1.length,,,
vertnet,,forearm_length,,,
vertnet,,total_length,,body length with tail,
vertnet,,body_mass,,body mass,
vertnet,,ear_length,,ear length,
vertnet,,hind_foot_length,,hind food length,
vertnet,,tail_length,,tail length,
ray,,femur M1,Eisenmann,femur length from greater trochanter to medial condyle,
ray,,humerus M1; hum M1,Eisenmann,humerus length from trochlea to greater tubercle,
ray,,humerus M2; hum M2,Eisenmann,humerus length from trochlea to caput,
ray,,femur M2,Eisenmann,femur length from caput to lateral condyle,
ray,,astragalus M3,Eisenmann,breadth of the trochlea of talus,
ray,,astragalus M4,Eisenmann,talus breadth,
ray,,astraglaus M2,Eisenmann,length of medial trochlea of talus,
ray,,astragalus M7,Eisenmann,depth of the medial side of talus,
ray,,astragalus M1,Eisenmann,length of the medial side of talus,
ray,,astragalus M5,Eisenmann,distal articular breadth of talus,
ray,,astragalus M6,Eisenmann,distal articular depth of talus,
ray,,a1ph3 M1,Eisenmann,,
ray,,a1ph3 M2,Eisenmann,,
ray,,a1ph3 M3,Eisenmann,,
ray,,a1ph3 M4,Eisenmann,,
ray,,a1ph3 M5,Eisenmann,,
ray,,a1ph3 M6,Eisenmann,,
ray,,a1ph3 M7,Eisenmann,,
ray,,a1ph3 M8,Eisenmann,,
ray,,a1ph3 M9,Eisenmann,,
ray,,a1ph3 M10,Eisenmann,,
ray,,a1ph3 M11,Eisenmann,,
ray,,a1ph3 M12,Eisenmann,,
ray,,a1ph3 M13,Eisenmann,,
ray,,p1ph3 M1,Eisenmann,,
ray,,p1ph3 M2,Eisenmann,,
ray,,p1ph3 M3,Eisenmann,,
ray,,p1ph3 M4,Eisenmann,,
ray,,p1ph3 M5,Eisenmann,,
ray,,p1ph3 M6,Eisenmann,,
ray,,p1ph3 M7,Eisenmann,,
ray,,p1ph3 M8,Eisenmann,,
ray,,p1ph3 M9,Eisenmann,,
ray,,p1ph3 M10,Eisenmann,,
ray,,p1ph3 M11,Eisenmann,,
ray,,p1ph3 M12,Eisenmann,,
ray,,p1ph3 M13,Eisenmann,,
ray,,1ph3 M1,Eisenmann,,
ray,,1ph3 M2,Eisenmann,,
ray,,1ph3 M3,Eisenmann,,
ray,,1ph3 M4,Eisenmann,,
ray,,1ph3 M5,Eisenmann,,
ray,,1ph3 M6,Eisenmann,,
ray,,1ph3 M7,Eisenmann,,
ray,,1ph3 M8,Eisenmann,,
ray,,1ph3 M9,Eisenmann,,
ray,,1ph3 M10,Eisenmann,,
ray,,1ph3 M11,Eisenmann,,
ray,,1ph3 M12,Eisenmann,,
ray,,1ph3 M13,Eisenmann,,
ray,,2ph3 M1,Eisenmann,,
ray,,2ph3 M2,Eisenmann,,
ray,,2ph3 M3,Eisenmann,,
ray,,2ph3 M4,Eisenmann,,
ray,,2ph3 M5,Eisenmann,,
ray,,2ph3 M6,Eisenmann,,
ray,,a2ph3 M1,Eisenmann,,
ray,,a2ph3 M2,Eisenmann,,
ray,,a2ph3 M3,Eisenmann,,
ray,,a2ph3 M4,Eisenmann,,
ray,,a2ph3 M5,Eisenmann,,
ray,,a2ph3 M6,Eisenmann,,
ray,,a3ph3 M1,Eisenmann,,
ray,,a3ph3 M2,Eisenmann,,
ray,,a3ph3 M3,Eisenmann,,
ray,,a3ph3 M4,Eisenmann,,
ray,,a3ph3 M5,Eisenmann,,
ray,,a3ph3 M6,Eisenmann,,
ray,,mc3 M1,Eisenmann,metacarpal III greatest length,
ray,,mc3 M2,Eisenmann,metacarpal III medial length,
ray,,mc3 M3,Eisenmann,metacarpal III minimal breadth,
ray,,mc3 M4,Eisenmann,metacarpal III depth,
ray,,mc3 M5,Eisenmann,metacarpal III proximal articular breadth,
ray,,mc3 M6,Eisenmann,metacarpal III greatest depth proximal,
ray,,mc3 M7,Eisenmann,metacarpal III diameter of facet for third carpal,
ray,,mc3 M8,Eisenmann,metacarpal III breadth of anterior facet for fourth carpal,
ray,,tmi1 M1,Eisenmann,,
ray,,tmi1 M6,Eisenmann,,
ray,,tmi2 M1,Eisenmann,,
ray,,tmi2 M6,Eisenmann,,
ray,,tmi3 M1,Eisenmann,,
ray,,tmi3 M6,Eisenmann,,
ray,,tmI1 M1,Eisenmann,,
ray,,tmI1 M6,Eisenmann,,
ray,,tmI2 M1,Eisenmann,,
ray,,tmI2 M6,Eisenmann,,
ray,,tmI3 M1,Eisenmann,,
ray,,tmI3 M6,Eisenmann,,
ray,,tmp2 M1,Eisenmann,,
ray,,tmp2 M3,Eisenmann,,
ray,,tmp2 M4,Eisenmann,,
ray,,tmp2 M5,Eisenmann,,
ray,,tmp2 M6,Eisenmann,,
ray,,tmp2 M8,Eisenmann,,
ray,,tmp2 M9,Eisenmann,,
ray,,tmp3 M1,Eisenmann,,
ray,,tmp3 M3,Eisenmann,,
ray,,tmp3 M4,Eisenmann,,
ray,,tmp3 M5,Eisenmann,,
ray,,tmp3 M6,Eisenmann,,
ray,,tmp3 M8,Eisenmann,,
ray,,tmp3 M9,Eisenmann,,
ray,,tmp4 M1,Eisenmann,,
ray,,tmp4 M3,Eisenmann,,
ray,,tmp4 M4,Eisenmann,,
ray,,tmp4 M5,Eisenmann,,
ray,,tmp4 M6,Eisenmann,,
ray,,tmp4 M8,Eisenmann,,
ray,,tmp4 M9,Eisenmann,,
ray,,tmm1 M1,Eisenmann,,
ray,,tmm1 M3,Eisenmann,,
ray,,tmm1 M4,Eisenmann,,
ray,,tmm1 M5,Eisenmann,,
ray,,tmm1 M6,Eisenmann,,
ray,,tmm1 M8,Eisenmann,,
ray,,tmm1 M9,Eisenmann,,
ray,,tmm2 M1,Eisenmann,,
ray,,tmm2 M3,Eisenmann,,
ray,,tmm2 M4,Eisenmann,,
ray,,tmm2 M5,Eisenmann,,
ray,,tmm2 M6,Eisenmann,,
ray,,tmm2 M8,Eisenmann,,
ray,,tmm2 M9,Eisenmann,,
ray,,tmm3 M1,Eisenmann,,
ray,,tmm3 M3,Eisenmann,,
ray,,tmm3 M4,Eisenmann,,
ray,,tmm3 M5,Eisenmann,,
ray,,tmm3 M6,Eisenmann,,
ray,,tmm3 M8,Eisenmann,,
ray,,tmm3 M9,Eisenmann,,
ray,,mtiii M1,Eisenmann,metatarsal III greatest length,
ray,,mtiii M2,Eisenmann,metatarsal III medial length,
ray,,mtiii M3,Eisenmann,metatarsal III minimal breadth,
ray,,mtiii M4,Eisenmann,metatarsal III depth,
ray,,mtiii M5,Eisenmann,metatarsal III proximal articular breadth,
ray,,mtiii M6,Eisenmann,metatarsal III greatest depth proximal,
ray,,mtiii M7,Eisenmann,metatarsal III diameter of facet for third tarsal,
ray,,mtiii M8,Eisenmann,metatarsal III breadth of facet for fourth tarsal,
ray,,mtiii M9,Eisenmann,metatarsal III breadth of proximal facet for second tarsal,
ray,,mtiii M10,Eisenmann,metatarsal III supra-articular breadth,
ray,,mtiii M11,Eisenmann,metatarsal III greatest breadth distal,
ray,,mtiii M12,Eisenmann,metatarsal III distal maximal depth of keel,
ray,,mtiii M13,Eisenmann,metatarsal III distal minimum depth of lateral condyle,
ray,,mtiii M14,Eisenmann,metatarsal III distal maximal depth of medial condyle,
ray,,tmc M1,Eisenmann,,
ray,,tmc M6,Eisenmann,,
ray,,tmC M1,Eisenmann,,
ray,,tmC M6,Eisenmann,,
ray,,mt3 M1,Eisenmann,metatarsal III greatest length,
ray,,mt3 M2,Eisenmann,metatarsal III medial length,
ray,,mt3 M3,Eisenmann,metatarsal III minimal breadth,
ray,,mt3 M4,Eisenmann,metatarsal III depth,
ray,,mt3 M5,Eisenmann,metatarsal III proximal articular breadth,
ray,,mt3 M6,Eisenmann,metatarsal III greatest depth proximal,
ray,,mt3 M7,Eisenmann,metatarsal III diameter of facet for third tarsal,
ray,,mt3 M8,Eisenmann,metatarsal III breadth of facet for fourth tarsal,
ray,,mt3 M9,Eisenmann,metatarsal III breadth of proximal facet for second tarsal,
ray,,mt3 M10,Eisenmann,metatarsal III supra-articular breadth,
ray,,mt3 M11,Eisenmann,metatarsal III greatest breadth distal,
ray,,mt3 M12,Eisenmann,metatarsal III distal maximal depth of keel,
ray,,mt3 M13,Eisenmann,metatarsal III distal minimum depth of lateral condyle,
ray,,mt3 M14,Eisenmann,metatarsal III distal maximal depth of medial condyle,
ray,,txC M1,Eisenmann,,
ray,,txC M3,Eisenmann,,
ray,,txI1 M1,Eisenmann,,
ray,,txI1 M3,Eisenmann,,
ray,,txI2 M1,Eisenmann,,
ray,,txI2 M3,Eisenmann,,
ray,,txI3 M1,Eisenmann,,
ray,,txI3 M3,Eisenmann,,
ray,,txM1 M1,Eisenmann,,
ray,,txM1 M3,Eisenmann,,
ray,,txM1 M6,Eisenmann,,
ray,,txM1 M7,Eisenmann,,
ray,,txM1 M8,Eisenmann,,
ray,,txM1 M9,Eisenmann,,
ray,,txM2 M1,Eisenmann,,
ray,,txM2 M3,Eisenmann,,
ray,,txM2 M6,Eisenmann,,
ray,,txM2 M7,Eisenmann,,
ray,,txM2 M8,Eisenmann,,
ray,,txM2 M9,Eisenmann,,
ray,,txM3 M1,Eisenmann,,
ray,,txM3 M3,Eisenmann,,
ray,,txM3 M6,Eisenmann,,
ray,,txM3 M7,Eisenmann,,
ray,,txM3 M8,Eisenmann,,
ray,,txM3 M9,Eisenmann,,
ray,,txP2 M1,Eisenmann,,
ray,,txP2 M3,Eisenmann,,
ray,,txP2 M6,Eisenmann,,
ray,,txP2 M7,Eisenmann,,
ray,,txP2 M8,Eisenmann,,
ray,,txP2 M9,Eisenmann,,
ray,,txP3 M1,Eisenmann,,
ray,,txP3 M3,Eisenmann,,
ray,,txP3 M6,Eisenmann,,
ray,,txP3 M7,Eisenmann,,
ray,,txP3 M8,Eisenmann,,
ray,,txP3 M9,Eisenmann,,
ray,,txP4 M1,Eisenmann,,
ray,,txP4 M3,Eisenmann,,
ray,,txP4 M6,Eisenmann,,
ray,,txP4 M7,Eisenmann,,
ray,,txP4 M8,Eisenmann,,
ray,,txP4 M9,Eisenmann,,
ray,,ast M1; astragalus M1,Eisenmann,talus height,
ray,,ast M2; astragalus M2,Eisenmann,talus medial trochlea tali length,
ray,,ast M3; astragalus M3,Eisenmann,talus breadth,
ray,,ast M4; astragalus M4,Eisenmann,talus trochlea breadth,
ray,,ast M5; astragalus M5,Eisenmann,talus distal articular breadth,
ray,,ast M6; astragalus M6,Eisenmann,talus distal articular depth,
ray,,ast M7; astragalus M7,Eisenmann,talus medial depth,
ray,,calc M1; calcaneum M1,Eisenmann,calcaneus greatest length,
ray,,calc M2; calcaneum M2,Eisenmann,calcaneus proximal length,
ray,,calc M3; calcaneum M3,Eisenmann,calcaneus minimal breadth,
ray,,calc M4; calcaneum M4,Eisenmann,calcaneus maximal breadth,
ray,,calc M5; calcaneum M5,Eisenmann,calcaneus maximal depth,
ray,,calc M6; calcaneum M6,Eisenmann,calcaneus distal breadth,
ray,,calc M7; calcaneum M7,Eisenmann,calcanus distal depth,
ray,,mandible M1,Eisenmann,,
ray,,mandible M2,Eisenmann,,
ray,,mandible M3,Eisenmann,,
ray,,mandible M4,Eisenmann,,
ray,,mandible M5,Eisenmann,,
ray,,mandible M6,Eisenmann,,
ray,,mandible M7,Eisenmann,,
ray,,mandible M8,Eisenmann,,
ray,,mandible M9,Eisenmann,,
ray,,mandible M10,Eisenmann,,
ray,,mandible M11,Eisenmann,,
ray,,mandible M12,Eisenmann,,
ray,,mandible M13,Eisenmann,,
ray,,mandible M14,Eisenmann,,
ray,,humerus M3; hum M3,Eisenmann,humerus diaphysis breadth,
ray,,humerus M4; hum M4,Eisenmann,,
ray,,humerus M5; hum M5,Eisenmann,humerus proximal breadth,
ray,,humerus M6; hum M6,Eisenmann,humerus proximal depth at median tubercule,
ray,,humerus M7; hum M7,Eisenmann,humerus trochlea breadth,
ray,,humerus M8; hum M8,Eisenmann,humerus distal depth,
ray,,humerus M9; hum M9,Eisenmann,maximal humerus trochlear height (medial side),
ray,,humerus M10; hum M10,Eisenmann,minimal humerus trochlear height,
ray,,humerus M11; hum M11,Eisenmann,humerus trochlear height at sagittal crest,
ray,,femur M3,Eisenmann,femur diaphysis breadth,
ray,,femur M4,Eisenmann,,
ray,,femur M5,Eisenmann,femur proximal breadth,
ray,,femur M6,Eisenmann,femur proximal depth,
ray,,femur M7,Eisenmann,femur distal breadth,
ray,,femur M8,Eisenmann,femur distal depth,
ray,,femur M9,Eisenmann,femur trochlea breadth,
ray,,femur M10,Eisenmann,femur caput depth,
ray,,tibia M1,Eisenmann,tibia greatest length,
ray,,tibia M2,Eisenmann,tibia medial length,
ray,,tibia M3,Eisenmann,tibia diaphysis breadth,
ray,,tibia M4,Eisenmann,tibia diaphysis depth,
ray,,tibia M5,Eisenmann,tibia proximal breadth,
ray,,tibia M6,Eisenmann,tibia proximal depth,
ray,,tibia M7,Eisenmann,tibia distal breadth,
ray,,tibia M8,Eisenmann,tibia distal depth,
ray,,tibia M9,Eisenmann,fossa digitalis length,
ray,,radii M1; radius M1,Eisenmann,,
ray,,radii M2; radius M2,Eisenmann,,
ray,,radii M3; radius M3,Eisenmann,,
ray,,radii M4; radius M4,Eisenmann,,
ray,,radii M5; radius M5,Eisenmann,,
ray,,radii M6; radius M6,Eisenmann,,
ray,,radii M7; radius M7,Eisenmann,,
ray,,radii M8; radius M8,Eisenmann,,
ray,,radii M9; radius M9,Eisenmann,,
ray,,radii M10; radius M10,Eisenmann,,
ray,,radii M11; radius M11,Eisenmann,,
ray,,radii M12; radius M12,Eisenmann,,
ray,,ulna M1,Eisenmann,,
ray,,ulna M2,Eisenmann,,
ray,,ulna M3,Eisenmann,,
ray,,ulna M4,Eisenmann,,
ray,,ulna M5,Eisenmann,,
ray,,skull M1,Eisenmann,,
ray,,skull M2,Eisenmann,,
ray,,skull M3,Eisenmann,,
ray,,skull M4,Eisenmann,,
ray,,skull M5,Eisenmann,,
ray,,skull M6,Eisenmann,,
ray,,skull M7,Eisenmann,,
ray,,skull M8,Eisenmann,,
ray,,skull M9,Eisenmann,,
ray,,skull M10,Eisenmann,,
ray,,skull M11,Eisenmann,,
ray,,skull M12,Eisenmann,,
ray,,skull M13,Eisenmann,,
ray,,skull M14,Eisenmann,,
ray,,skull M15,Eisenmann,,
ray,,skull M16,Eisenmann,,
ray,,skull M17,Eisenmann,,
ray,,skull M18,Eisenmann,,
ray,,skull M19,Eisenmann,,
ray,,skull M20,Eisenmann,,
ray,,skull M21,Eisenmann,,
ray,,skull M22,Eisenmann,,
ray,,skull M23,Eisenmann,,
ray,,skull M24,Eisenmann,,
ray,,skull M25,Eisenmann,,
ray,,skull M26,Eisenmann,,
ray,,skull M27,Eisenmann,,
ray,,skull M28,Eisenmann,,
ray,,skull M29,Eisenmann,,
ray,,skull M30,Eisenmann,,
ray,,skull M31,Eisenmann,,
ray,,skull M32,Eisenmann,,
ray,,skull M33,Eisenmann,,
ray,,skull M34,Eisenmann,,
ray,,skull M35,Eisenmann,,
ray,,skull M36,Eisenmann,,
ray,,skull M37,Eisenmann,,
ray,,skull M38,Eisenmann,,
kitty,,Femur.GL,von Dendriesch,femur greatest length,
kitty,,Humerus.GLC,von Dendriesch,humerus length from trochlea to caput,
kitty,,Humerus.GL,von Dendriesch,humerus length from trochlea to greater tubercle,
Kitty,,Height (mm) [define?],von Dendriesch,body height,
kitty,,Astragalus LmT,von Dendriesch,talus medial trochlea tali length,
kitty,,Astragalus length of medial part of trochlea tali,von Dendriesch,talus medial trochlea tali length,
kitty,,Astragalus greatest depth medial,von Dendriesch,talus medial depth,
kitty,,Maximal medial depth,von Dendriesch,talus medial depth,
kitty,,"Astragalus Dm; Astragalus Dm (greatest depth of the medial side, von den Driesch 1976), mm",von Dendriesch,talus medial depth,
kitty,,"Astragalus GLI; Astragalus GLl, (greatest length of the lateral side, von den Driesch 1976), mm; Astragalus greatest length lateral",von Dendriesch,talus lateral length,
kitty,,Astragalus Bfd,von Dendriesch,talus distal articular breadth,
kitty,,Astragalus distal articular breadth,von Dendriesch,talus distal articular breadth,
kitty,,Breadth astragalus of facies articularis distalis,von Dendriesch,talus distal articular breadth,
kitty,,Breadth of astragalus distal articular surface,von Dendriesch,talus distal articular breadth,
kitty,,Astragalus distal articular depth,von Dendriesch,talus distal articular breadth,
kitty,,Astragalus GH,von Dendriesch,talus length, 
kitty,,"Calcaneus GL; Calcaneus GL, (greatest length, von den Driesch, 1976), mm",von Dendriesch,calcaneus greatest length,
kitty,,"Calcaneus GB; Calcaneus GB, (greatest breadth, von den Driesch 1976), mm",von Dendriesch,calcaneus distal breadth,
kitty,,"Calcaneus CALD; Calcaneus CALD, (lateral depth, Purdue 1987), mm",von Dendriesch,calcaneus lateral depth,
kitty,,"Calcaneus Bc; Calcaneus Bc, mm",von Dendriesch,,
kitty,,"Calcaneus Dc; Calcaneus Dc, mm",von Dendriesch,,
kitty,,"Tibia GL; Tibia GL, (greatest length, von den Driesch 1976), mm",von Dendriesch,tibia greatest length,
kitty,,"Tibia Ll; Tibia Ll, (length of the lateral side, von den Driesch 1976 *note she says only in horses), mm",von Dendriesch,tibia lateral length,
kitty,,"Tibia SD; Tibia SD, (smallest breadth of the diaphysis, von den Driesch 1976), mm",von Dendriesch,tibia diaphysis breadth,
kitty,,"Tibia Bp; Tibia Bp, (greatest breadth of the proximal end, von den Driesch 1976), mm",von Dendriesch,tibia proximal breadth,
kitty,,"Tibia Bd; Tibia Bd, (greatest breadth of the distal end, von den Driesch 1976), mm",von Dendriesch,tibia distal breadth,
kitty,,"Tibia Dd; Tibia Dd, (greatest depth of the distal end, von den Driesch 1976), mm",von Dendriesch,tibia distal depth,
kitty,,Total Fresh Weight (g),,body mass,
kitty,,Girth (mm) [girth at chest/heart],,,
kitty,,Skin weight (g),,,
kitty,,Weight of viscera (g),,,
kitty,,Total bone weight (g),,,
kitty,,TL (mm) [Total Length],,body length with tail,
kitty,,TA (mm) [Tail Length],,tail length,
kitty,,HF (mm) [Hind Foot Length],,hind food length,
kitty,,En (mm) [Ear Noth = Ear Length],,ear length,
kitty,,"Astragalus GLm; Astragalus Glm (greatest length of the medial side von den Driesch 1976), mm",von Dendriesch,,
kitty,,"Atragalus Bd (greatest breadth of distal end, von den Driesch 1976), mm",von Dendriesch,,
kitty,,"Astragals AST3, intermediate length or minimum distance of the double trochlea in the proximal-distal direction (Wolverton 2008), mm",Wolverton 2007,,
kitty,,Calcaneum LB [change to Bc],von Dendriesch,,
kitty,,Calcaneum LD [change to Dc],von Dendriesch,,
kitty,,"Astragalus Dl, (depth of the lateral side, von den Driesch 1976), mm",von Dendriesch,,
kitty,,Femur smallest diameter (SD),von Dendriesch,,
Joaquin,,P2 upper length,,P2 length,
Joaquin,,P2 upper breadth,,P2 width,
Joaquin,,P2 upper base length,,,
Joaquin,,P2 upper height,,,
Joaquin,,P2 upper protocone length,,,
Joaquin,,P3-4 upper length,,,
Joaquin,,P3-4 upper breadth,,,
Joaquin,,P3-4 upper base length,,,
Joaquin,,P3-4 upper height,,,
Joaquin,,P3-4 upper protocone length,,,
Joaquin,,M1-2 upper length,,,
Joaquin,,M1-2 upper breadth,,,
Joaquin,,M1-2 upper base length,,,
Joaquin,,M1-2 upper height,,,
Joaquin,,M1-2 upper protocone length,,,
Joaquin,,M3 upper length,,M3 length,
Joaquin,,M3 upper breadth,,M3 width,
Joaquin,,M3 upper base length,,,
Joaquin,,M3 upper height,,,
Joaquin,,M3 upper protocone length,,,
Joaquin,,p2 lower length,,p2 length,
Joaquin,,p2 lower breadth,,p2 width,
Joaquin,,p2 lower base length,,,
Joaquin,,p2 lower height,,,
Joaquin,,p2 lower protocone length,,,
Joaquin,,p3-4 lower length,,,
Joaquin,,p3-4 lower breadth,,,
Joaquin,,p3-4 lower base length,,,
Joaquin,,p3-4 lower height,,,
Joaquin,,p3-4 lower protocone length,,,
Joaquin,,m1-2 lower length,,,
Joaquin,,m1-2 lower breadth,,,
Joaquin,,m1-2 lower base length,,,
Joaquin,,m1-2 lower height,,,
Joaquin,,m1-2 lower  protocone length,,,
Joaquin,,m3 lower length,,m3 length,
Joaquin,,m3 lower breadth,,m3 width,
Joaquin,,m3 lower base length,,,
Joaquin,,m3 lower height,,,
Joaquin,,m3 lower protocone length,,,
Joaquin,,scaphoid maximal breadth,,,
Joaquin,,scaphoid maximal height,,,
Joaquin,,scaphoid maximal depth,,,
Joaquin,,lunatum proximal length,,,
Joaquin,,lunatum proximal breadth,,,
Joaquin,,lunatum distal length,,,
Joaquin,,lunatum distal breadth,,,
Joaquin,,lunatum external height,,,
Joaquin,,pyramidal maximal breadth,,,
Joaquin,,pyramidal maximal height,,,
Joaquin,,pyramidal maximal depth,,,
Joaquin,,pisiform maximal breadth,,,
Joaquin,,pisiform maximal height,,,
Joaquin,,magnum proximal length,,,
Joaquin,,magnum proximal breadth,,,
Joaquin,,magnum distal length,,,
Joaquin,,magnum distal breadth,,,
Joaquin,,magnum external height,,,
Joaquin,,unciform maximal breadth,,,
Joaquin,,unciform maximal height,,,
Joaquin,,unciform maximal depth,,,
Joaquin,,big cuneiform proximal length,,,
Joaquin,,big cuneiform proximal breadth,,,
Joaquin,,big cuneiform distal length,,,
Joaquin,,big cuneiform distal breadth,,,
Joaquin,,big cuneiform external height,,,
Joaquin,,cuboid maximal breadth,,,
Joaquin,,cuboid maximal height,,,
Joaquin,,cuboid maximal depth,,,
Joaquin,,navicular proximal length,,,
Joaquin,,navicular proximal breadth,,,
Joaquin,,navicular distal length,,,
Joaquin,,navicular distal breadth,,,
Joaquin,,navicular external height,,,
Uhen,,condylobasal length,Gol'din (2007),,
Uhen,,rostrum length,Gol'din (2007),,
Uhen,,length of the left upper tooth row,Gol'din (2007),upper tooth row on right side,
Uhen,,length of the right upper tooth row,Gol'din (2007),upper tooth row on left side,
Uhen,,rostrum width at base,Gol'din (2007),,
Uhen,,rostrum width at mid-length,Gol'din (2007),,
Uhen,,premaxillary width at mid-length,Fordyce 1994,,
Uhen,,maximum premaxillary width,Fordyce 1994,,
Uhen,,length of left nasal,Gol'din (2007),,
Uhen,,length of right nasal,Gol'din (2007),,
Uhen,,width of nasals,Fordyce 1994,,
Uhen,,facial region length,Gol'din (2007),,
Uhen,,length of the prenarial region,Gol'din (2007),,
Uhen,,antorbital notches to anterior border of nasals,Fordyce 1994,,
Uhen,,antorbital notches to internal nares,Fordyce 1994,,
Uhen,,length of the braincase (outer),Gol'din (2007),,
Uhen,,orbital width,Gol'din (2007),,
Uhen,,cranial width at postorbital processes,Gol'din (2007),,
Uhen,,orbit height,Fordyce 1994,,
Uhen,,orbit width,Fordyce 1994,,
Uhen,,orbit length,Gol'din (2007),,
Uhen,,palatine length,Fordyce 1994,,
Uhen,,nares width,Fordyce 1994,,
Uhen,,left frontal width,Fordyce 1994,,
Uhen,,right frontal width,Fordyce 1994,,
Uhen,,breadth of the intertemporal constriction,Fordyce 1994,,
Uhen,,parietal width,Gol'din (2007),,
Uhen,,skull height,Gol'din (2007),,
Uhen,,inter-nasal suture to apex of supraoccipital,Fordyce 1994,,
Uhen,,bizygomatic width,Gol'din (2007),,
Uhen,,supraoccipital apex to intercondylar notch,Fordyce 1994,,
Uhen,,basioccipital length,Gol'din (2007),,
Uhen,,occipital width,Gol'din (2007),,
Uhen,,height of the foramen magnum,Gol'din (2007),,
Uhen,,width of the foramen magnum,Gol'din (2007),,
Uhen,,occipital condyle breadth,Gol'din (2007),,
Uhen,,height of the left occipital condyle,Gol'din (2007),,
Uhen,,height of the right occipital condyle,Gol'din (2007),,
Uhen,,endocranial volume,,,
Uhen,,periotic anteroposterior length,Fordyce 1994,,
Uhen,,"pars cochlearis, internal margin to external margin",Fordyce 1994,,
Uhen,,length of the pars cochlearis,Fordyce 1994,,
Uhen,,length of internal auditory meatus,Fordyce 1994,,
Uhen,,"length, anterior apex to outer posterior prominence",Gol'din (2007),,
Uhen,,outer posterior prominence to sigmoid process apex,Fordyce 1994,,
Uhen,,typanic bulla width,Fordyce 1994,,
Uhen,,dorsoventral depth of involucrum,Fordyce 1994,,
Uhen,,length of the posterior process of the periotic,Fordyce 1994,,
Uhen,,length of left mandibular tooth row,Gol'din (2007),,
Uhen,,length of right mandibular tooth row,Gol'din (2007),,
Uhen,,length of the mandibular symphysis,Fordyce 1994,,
Uhen,,maximum length of the left dentary,Gol'din (2007),,
Uhen,,maximum length of the right dentary,Gol'din (2007),,
Uhen,,maximum height of the left dentary,Gol'din (2007),,
Uhen,,maximum height of the right dentary,Gol'din (2007),,
Uhen,,number of left maxillary teeth,,,
Uhen,,number of right maxillary teeth,,,
Uhen,,number of left mandibular teeth,,,
Uhen,,number of right mandibular teeth,,,
Uhen,,number of upper incisors/side,,,
Uhen,,number of upper canines/side,,,
Uhen,,number of upper premolars/side,,,
Uhen,,number of upper molars/side,,,
Uhen,,number of lower incisors/side,,,
Uhen,,number of lower canines/side,,,
Uhen,,number of lower premolars/side,,,
Uhen,,number of lower molars/side,,,
Sebastian,,metacarpo Bd,L'Hereux y Borella 2011,,
Sebastian,,metacarpo Dd,L'Hereux y Borella 2011,,
Sebastian,,falange 1¼ GL,von Dendriesch,,
Sebastian,,falange 1¼ Bp,von Dendriesch,,
Sebastian,,falange 1¼ Bd,von Dendriesch,,
Sebastian,,falange 1¼ Dp,von Dendriesch,,
Sebastian,,falange 1¼ Dd,von Dendriesch,,
Sebastian,,vertebra lumbar PL,von Dendriesch,,
Sebastian,,vertebra lumbar BFcr,von Dendriesch,,
Sebastian,,vertebra lumbar HFcr,von Dendriesch,,
Sebastian,,metacarpo Dp,von Dendriesch,,
Sebastian,,tibiotarso Bd,von Dendriesch,,
Sebastian,,tibiotarso Dd,von Dendriesch,,
Sebastian,,femur GL,von Dendriesch,,femur greatest length
Sebastian,,femur Lm,von Dendriesch,,femur length medial
Sebastian,,femur Bp,von Dendriesch,,femur proximal breadth
Sebastian,,femur Dp,von Dendriesch,,femur proximal depth
Sebastian,,femur SC,von Dendriesch,,femur diaphysis circumference
Sebastian,,femur Bd,von Dendriesch,,femur distal breadth
Sebastian,,femur Dd,von Dendriesch,,femur distal depth
Sebastian,,tarsometatarso GL,von Dendriesch,,
Sebastian,,tarsometatarso Bp,von Dendriesch,,
Sebastian,,tarsometatarso SC,von Dendriesch,,
Sebastian,,tarsometatarso Bd,von Dendriesch,,
Sebastian,,ulna GL,von Dendriesch,,
Sebastian,,ulna Dip,von Dendriesch,,
Sebastian,,ulna Bp,von Dendriesch,,
Sebastian,,ulna SC,von Dendriesch,,
Sebastian,,ulna Did,von Dendriesch,,
Sebastian,,coxal DiA,von Dendriesch,,
Sebastian,,tibia SD,von Dendriesch,,tibia diaphysis breadth
Sebastian,,tibia Bd,von Dendriesch,,tibia distal breadth
Sebastian,,tibia Dd,von Dendriesch,,tibia distal depth
Sebastian,,femur DC,von Dendriesch,,femur caput depth
Sebastian,,femur SD,von Dendriesch,,femur diaphysis breadth
Sebastian,,femur GLC,von Dendriesch,,femur length from caput to medial condyle
Sebastian,,femur DC,von Dendriesch,,femur caput depth
Sebastian,,coxal lA,von Dendriesch,,
Sebastian,,coxal LAR,von Dendriesch,,
Sebastian,,coxal SH,von Dendriesch,,
Sebastian,,coxal SB,von Dendriesch,,
Juha,,Femur minimum diaphysis width; F6,Scott 1990,,femur diaphysis breadth
Juha,,Femur maximum distal width; F5,Scott 1990,,
Juha,,Femur medial length; F1,Scott 1990,,femur length medial
Juha,,Humerus minimum diaphysis width; H7,Scott 1990,,humerus diaphysis breadth
Juha,,Humerus trochlea width; H4,Scott 1990,,humerus trochlea breadth
Juha,,Humerus medial length; H1,Scott 1990,,
Juha,,Metacarpal III minimum diaphysis width; MC6; MC3,Scott 1990; Alberdi et al. 1995,,
Juha,,Metacarpal III proximal width; MC2; MC5,Scott 1990; Alberdi et al. 1995,,
Juha,,Metacarpal III maximum distal width; MC4; MC10,Scott 1990; Alberdi et al. 1995,,
Juha,,Metacarpal III maximum length; MC1; MC1,Scott 1990; Alberdi et al. 1995,,
Juha,,Metatarsal III minimum diaphysis width; MT6; MT3,Scott 1990; Alberdi et al. 1995,,
Juha,,Metatarsal III proximal width; MT2; MT5,Scott 1990; Alberdi et al. 1995,,
Juha,,Metatarsal III maximum distal width; MT4; MT10,Scott 1990; Alberdi et al. 1995,,
Juha,,Metatarsall III maximum length; MT1; MT1,Scott 1990; Alberdi et al. 1995,,
Juha,,Radius minimum diaphysis width; R6; R3,Scott 1990; Alberdi et al. 1995,,
Juha,,Radius proximal articular width; R2; R5,Scott 1990; Alberdi et al. 1995,,
Juha,,Radius distal maximum width; R5; R10,Scott 1990; Alberdi et al. 1995,,
Juha,,Radius maximum length; R1; R1,Scott 1990; Alberdi et al. 1995,,
Juha,,Tibia minimum diaphysis width; T6; T3,Scott 1990; Alberdi et al. 1995,,
Juha,,Tibia maximum proximal width; T2; T5,Scott 1990; Alberdi et al. 1995,,
Juha,,Tibial maximum distal width; T4; T10,Scott 1990; Alberdi et al. 1995,,
Juha,,Tibia length; T1; T1,Scott 1990; Alberdi et al. 1995,,tibia length
Juha,,m2 length,,,m2 length
Juha,,m1 length,,,m1 length
Juha,,M2 length,,,M2 length
Juha,,M2 area,,,
Juha,,M1 length,,,M1 length
Helena,,dP3/P4 occlusal length,Eisenmann,,
Helena,,dP3/P4 occlusal breadth,Eisenmann,,
Helena,,dP3/P4 occlusal length of the protocone,Eisenmann,,
Helena,,P2 occlusal length,Eisenmann,P2 occlusal length,
Helena,,P2 occlusal breadth,Eisenmann,P2 occlusal breadth,
Helena,,P2 height,Eisenmann,,
Helena,,P2 occlusal length of the protocone,Eisenmann,,
Helena,,P3 occlusal length,Eisenmann,P3 occlusal length,
Helena,,P3 occlusal breadth,Eisenmann,P3 occlusal breadth,
Helena,,P3 height,Eisenmann,,
Helena,,P3 occlusal length of the protocone,Eisenmann,,
Helena,,P4 occlusal length,Eisenmann,P4 occlusal length,
Helena,,P4 occlusal breadth,Eisenmann,P4 occlusal breadth,
Helena,,P4 height,Eisenmann,,
Helena,,P4 occlusal length of the protocone,Eisenmann,,
Helena,,P3/P4 occlusal length,Eisenmann,,
Helena,,P3/P4 occlusal breadth,Eisenmann,,
Helena,,P3/P4 occlusal length of the protocone,Eisenmann,,
Helena,,P3/P4 height,Eisenmann,,
Helena,,M1 occlusal length,Eisenmann,M1 occlusal length,
Helena,,M1 occlusal breadth,Eisenmann,M1 occlusal breadth,
Helena,,M1 height,Eisenmann,,
Helena,,M1 occlusal length of the protocone,Eisenmann,,
Helena,,M2 occlusal length,Eisenmann,M2 occlusal length,
Helena,,M2 occlusal breadth,Eisenmann,M2 occlusal breadth,
Helena,,M2 height,Eisenmann,,
Helena,,M2 occlusal length of the protocone,Eisenmann,,
Helena,,M1/M2 occlusal length,Eisenmann,,
Helena,,M1/M2 occlusal breadth,Eisenmann,,
Helena,,M1/M2 occlusal length of the protocone,Eisenmann,,
Helena,,M1/M2 height,Eisenmann,,
Helena,,M3 occlusal length,Eisenmann,M3 occlusal length,
Helena,,M3 occlusal breadth,Eisenmann,M3 occlusal breadth,
Helena,,M3 occlusal length of the protocone,Eisenmann,,
Helena,,M3 height,Eisenmann,,
Helena,,p2 occlusal length,Eisenmann,p2 occlusal length,
Helena,,p2 occlusal breadth,Eisenmann,p2 occlusal breadth,
Helena,,p2 length of the postflexid,Eisenmann,,
Helena,,p2 length of the double-knot,Eisenmann,,
Helena,,p2 height,Eisenmann,,
Helena,,p3 occlusal length,Eisenmann,p3 occlusal length,
Helena,,p3 occlusal breadth,Eisenmann,P3 occlusal breadth,
Helena,,p3 occlusal length of the postflexid,Eisenmann,,
Helena,,p3 length of the postflexid,Eisenmann,,
Helena,,p3 length of the double-knot,Eisenmann,,
Helena,,p3 height,Eisenmann,,
Helena,,p4 occlusal length,Eisenmann,p4 occlusal length,
Helena,,p4 occlusal breadth,Eisenmann,P4 occlusal breadth,
Helena,,p4 occlusal length of the postflexid,Eisenmann,,
Helena,,p4 length of the postflexid,Eisenmann,,
Helena,,p4 length of the double-knot,Eisenmann,,
Helena,,p4 height,Eisenmann,,
Helena,,p3/p4 occlusal length,Eisenmann,,
Helena,,p3/p4 occlusal breadth,Eisenmann,,
Helena,,p3/p4 occlusal length of the postflexid,Eisenmann,,
Helena,,p3/p4 occlusal length of the double-knot,Eisenmann,,
Helena,,p3/p4 height,Eisenmann,,
Helena,,p3/p4 tooth height,Eisenmann,,
Helena,,m1 occlusal length,Eisenmann,m1 occlusal length,
Helena,,m1 occlusal breadth,Eisenmann,m1 occlusal breadth,
Helena,,m1 occlusal length of the postflexid,Eisenmann,,
Helena,,m1 length of the postflexid,Eisenmann,,
Helena,,m1 length of the double-knot,Eisenmann,,
Helena,,m2 occlusal length,Eisenmann,m2 occlusal length,
Helena,,m2 occlusal breadth,Eisenmann,M2 occlusal breadth,
Helena,,m2 occlusal length of the postflexid,Eisenmann,,
Helena,,m2 occlusal length of the double-knot,Eisenmann,,
Helena,,m2 length of the postflexid,Eisenmann,,
Helena,,m2 length of the double-knot,Eisenmann,,
Helena,,m1/m2 height,Eisenmann,,
Helena,,m1/m2 length of the postflexid,Eisenmann,,
Helena,,m1/m2 length of the double-knot,Eisenmann,,
Helena,,m1/m2 occlusal length,Eisenmann,,
Helena,,m1/m2 occlusal breadth,Eisenmann,,
Helena,,m3 occlusal length,Eisenmann,m3 occlusal length,
Helena,,m3 occlusal breadth,Eisenmann,m3 occlusal breadth,
Helena,,m3 occlusal length of the postflexid,Eisenmann,,
Helena,,m3 occlusal length of the double-knot,Eisenmann,,
Helena,,m3 length of the postflexid,Eisenmann,,
Helena,,m3 length of the double-knot,Eisenmann,,
Helena,,MCIII maximal length,Eisenmann,metacarpal III greatest length,
Helena,,MCIII medial length,Eisenmann,metacarpal III medial length,
Helena,,MCIII minimal breadth,Eisenmann,metacarpal III minimal breadth,
Helena,,MCIII depth of the diaphysis at level of minimal breadth,Eisenmann,metacarpal III depth,
Helena,,MCIII depth of the diaphysis,Eisenmann,metacarpal III depth,
Helena,,MCIII proximal articular breadth,Eisenmann,metacarpal III proximal articular breadth,
Helena,,MCIII proximal articular depth,Eisenmann,metacarpal III greatest depth proximal,
Helena,,MCIII maximal diameter of the articular facet for the third carpal,Eisenmann,metacarpal III breadth of facet for third carpal,
Helena,,MCIII diameter of the anterior facet for the fourth carpal,Eisenmann,metacarpal III breadth of anterior facet for fourth carpal,
Helena,,MCIII diameter of the articular facet for the second carpal,Eisenmann,metacarpal III breadth of proximal facet for second carpal,
Helena,,MCIII distal maximal supra-articular breadth,Eisenmann,metacarpal III supra-articular breadth,
Helena,,MCIII distal maximal articular breadth,Eisenmann,metacarpal III greatest breadth distal,
Helena,,MCIII distal maximal depth of the keel,Eisenmann,metacarpal III distal maximal depth of keel,
Helena,,MCIII distal minimal depth of the lateral condyle,Eisenmann,metacarpal III distal minimum depth of lateral condyle,
Helena,,MCIII distal maximal depth of the medial condyle,Eisenmann,metacarpal III distal maximal depth of medial condyle,
Helena,,MCIII diameter of the posterior facet for the fourth carpal,Eisenmann,metacarpal III breadth of posterior facet for fourth carpal,
Helena,,MTIII maximal length,Eisenmann,metatarsal III greatest length,
Helena,,MTIII medial length,Eisenmann,metatarsal III medial length,
Helena,,MTIII minimal breadth,Eisenmann,metatarsal III minimal breadth,
Helena,,MTIII depth of the diaphysis at level of minimal breadth,Eisenmann,metatarsal III depth,
Helena,,MTIII depth of the diaphysis,Eisenmann,metatarsal III depth,
Helena,,MTIII proximal articular breadth,Eisenmann,metatarsal III proximal articular breadth,
Helena,,MTIII proximal articular depth,Eisenmann,metatarsal III greatest depth proximal,
Helena,,MTIII maximal diameter of the articular facet for the third tarsal,Eisenmann,metatarsal III breadth of facet for third tarsal,
Helena,,MTIII diameter of the articular facet for the fourth tarsal,Eisenmann,metatarsal III breadth of facet for fourth tarsal,
Helena,,MTIII diameter of the articular facet for the second tarsal,Eisenmann,metatarsal III breadth of proximal facet for second tarsal,
Helena,,MTIII distal maximal supra-articular breadth,Eisenmann,metatarsal III supra-articular breadth,
Helena,,MTIII distal maximal articular breadth,Eisenmann,metatarsal III greatest breadth distal,
Helena,,MTIII distal maximal depth of the keel,Eisenmann,metatarsal III distal maximal depth of keel,
Helena,,MTIII distal minimal depth of the lateral condyle,Eisenmann,metatarsal III distal minimum depth of lateral condyle,
Helena,,MTIII distal maximal depth of the medial condyle,Eisenmann,metatarsal III distal maximal depth of medial condyle,
Helena,,Calcaneum maximal length,Eisenmann,,
Helena,,Calcaneum length of the proximal part,Eisenmann,,
Helena,,Calcaneum minimal breadth,Eisenmann,,
Helena,,Calcaneum proximal maximal breadth,Eisenmann,,
Helena,,Calcaneum proximal maximal depth,Eisenmann,,
Helena,,Calcaneum distal maximal breadth,Eisenmann,,
Helena,,Calcaneum distal maximal depth,Eisenmann,,
Helena,,IPHIII maximal length,Eisenmann,,
Helena,,IPHIII anterior length,Eisenmann,,
Helena,,IPHIII minimal breadth,Eisenmann,,
Helena,,IPHIII proximal breadth,Eisenmann,,
Helena,,IPHIII proximal depth,Eisenmann,,
Helena,,IPHIII distal breadth at the tuberosities,Eisenmann,,
Helena,,IPHIII distal articular breadth,Eisenmann,,
Helena,,IPHIII distal articular depth,Eisenmann,,
Helena,,IPHIII minimal length of the trigonum phalangis,Eisenmann,,
Helena,,IIPHIII maximal length,Eisenmann,,
Helena,,IIPHIII anterior length,Eisenmann,,
Helena,,IIPHIII minimal breadth,Eisenmann,,
Helena,,IIPHIII proximal maximal breadth,Eisenmann,,
Helena,,IIPHIII proximal maximal depth,Eisenmann,,
Helena,,IIPHIII distal articular maximal breadth,Eisenmann,,
Helena,,IIIPHIII maximal breadth,Eisenmann,,
Helena,,IIIPHIII articular breadth,Eisenmann,,
Helena,,IIIPHIII articular depth,Eisenmann,,
Helena,,IIIPHIII maximal height,Eisenmann,,
Helena,,IIIPHIII angle between the sole and the dorsal line,Eisenmann,,
Helena,,P2 anteroposterior length,Eisenmann,P2 length,
Helena,,P2 transverse width,Eisenmann,P2 width,
Helena,,P3 anteroposterior length,Eisenmann,P3 length,
Helena,,P3 transverse width,Eisenmann,P3 width,
Helena,,P4 anteroposterior length,Eisenmann,P4 length,
Helena,,P4 transverse width,Eisenmann,P4 width,
Helena,,P3/P4 anteroposterior length,Eisenmann,,
Helena,,P3/P4 transverse width,Eisenmann,,
Helena,,M1 anteroposterior length,Eisenmann,M1 length,
Helena,,M1 transverse width,Eisenmann,M1 width,
Helena,,M2 anteroposterior length,Eisenmann,M2 length,
Helena,,M2 transverse width,Eisenmann,M2 width,
Helena,,M1/M2 anteroposterior length,Eisenmann,,
Helena,,M1/M2 transverse width,Eisenmann,,
Helena,,M3 anteroposterior length,Eisenmann,M3 length,
Helena,,M3 transverse width,Eisenmann,M3 width,
Helena,,p2 anteroposterior length,Eisenmann,p2 length,
Helena,,p2 transverse width,Eisenmann,p2 width,
Helena,,p3 anteroposterior length,Eisenmann,p3 length,
Helena,,p3 transverse width,Eisenmann,p3 width,
Helena,,p4 anteroposterior length,Eisenmann,p4 length,
Helena,,p4 transverse width,Eisenmann,p4 width,
Helena,,p3/p4 anteroposterior length,Eisenmann,,
Helena,,p3/p4 transverse width,Eisenmann,,
Helena,,m1 anteroposterior length,Eisenmann,m1 length,
Helena,,m1 transverse width,Eisenmann,m1 width,
Helena,,m2 anteroposterior length,Eisenmann,m2 length,
Helena,,m2 transverse width,Eisenmann,m2 width,
Helena,,m1/m2 anteroposterior length,Eisenmann,,
Helena,,m1/m2 transverse width,Eisenmann,,
Helena,,m3 anteroposterior length,Eisenmann,m3 length,
Helena,,m3 transverse width,Eisenmann,m3 width,
Helena,,anterior IPHIII maximal length,Eisenmann,,
Helena,,anterior IPHIII anterior length,Eisenmann,,
Helena,,anterior IPHIII minimal breadth,Eisenmann,,
Helena,,anterior IPHIII proximal breadth,Eisenmann,,
Helena,,anterior IPHIII proximal depth,Eisenmann,,
Helena,,anterior IPHIII distal breadth at the tuberosities,Eisenmann,,
Helena,,anterior IPHIII distal articular breadth,Eisenmann,,
Helena,,anterior IPHIII distal articular depth,Eisenmann,,
Helena,,anterior IPHIII minimal length of the trigonum phalangis,Eisenmann,,
Helena,,anterior IPHIII medial supratuberosital length,Eisenmann,,
Helena,,anterior IPHIII lateral supratuberosital length,Eisenmann,,
Helena,,anterior IPHIII medial infratuberosital length,Eisenmann,,
Helena,,anterior IPHIII lateral infratuberosital length,Eisenmann,,
Helena,,anterior IIPHIII maximal length,Eisenmann,,
Helena,,anterior IIPHIII anterior length,Eisenmann,,
Helena,,anterior IIPHIII minimal breadth,Eisenmann,,
Helena,,anterior IIPHIII proximal breadth,Eisenmann,,
Helena,,anterior IIPHIII proximal depth,Eisenmann,,
Helena,,anterior IIPHIII distal breadth at the tuberosities,Eisenmann,,
Helena,,posterior IPHIII maximal length,Eisenmann,,
Helena,,posterior IPHIII anterior length,Eisenmann,,
Helena,,posterior IPHIII minimal breadth,Eisenmann,,
Helena,,posterior IPHIII proximal breadth,Eisenmann,,
Helena,,posterior IPHIII proximal depth,Eisenmann,,
Helena,,posterior IPHIII distal breadth at the tuberosities,Eisenmann,,
Helena,,posterior IPHIII distal articular breadth,Eisenmann,,
Helena,,posterior IPHIII distal articular depth,Eisenmann,,
Helena,,posterior IPHIII minimal length of the trigonum phalangis,Eisenmann,,
Helena,,posterior IPHIII medial supratuberosital length,Eisenmann,,
Helena,,posterior IPHIII lateral supratuberosital length,Eisenmann,,
Helena,,posterior IPHIII medial infratuberosital length,Eisenmann,,
Helena,,posterior IPHIII lateral infratuberosital length,Eisenmann,,
Helena,,posterior IIPHIII maximal length,Eisenmann,,
Helena,,posterior IIPHIII anterior length,Eisenmann,,
Helena,,posterior IIPHIII minimal breadth,Eisenmann,,
Helena,,posterior IIPHIII proximal breadth,Eisenmann,,
Helena,,posterior IIPHIII proximal depth,Eisenmann,,
Helena,,posterior IIPHIII distal breadth at the tuberosities,Eisenmann,,
Helena,,skull diastema,Eisenmann and De Giuli 1974,,
Helena,,skull P2P4 length,Eisenmann and De Giuli 1974,,
Helena,,skull P2M3 length,Eisenmann and De Giuli 1974,,
Helena,,skull POE width,Eisenmann and De Giuli 1974,,
Helena,,skull width between I3,Eisenmann and De Giuli 1974,,
Helena,,skull Infraorbital height,Eisenmann and De Giuli 1974,,
Helena,,skull orbital diameter,Eisenmann and De Giuli 1974,,
Helena,,skull anterior eye line,Eisenmann and De Giuli 1974,,
Helena,,skull occipital width,Eisenmann and De Giuli 1974,,
Helena,,skull occipital hole width,Eisenmann and De Giuli 1974,,
Helena,,skull width,Eisenmann and De Giuli 1974,,
Helena,,skull palais-vomer,Eisenmann and De Giuli 1974,,
Helena,,skull vomer-basion,Eisenmann and De Giuli 1974,,
Helena,,skull facial width,Eisenmann and De Giuli 1974,,
Helena,,skull P2-Basion length,Eisenmann and De Giuli 1974,,
Helena,,skull frontal width,Eisenmann and De Giuli 1974,,
Helena,,skull orbital height,Eisenmann and De Giuli 1974,,
Helena,,skull posterior eye line,Eisenmann and De Giuli 1974,,
Helena,,skull basilar length,Eisenmann ,,
Helena,,skull palatal length,Eisenmann,,
Helena,,skull muzzle length,Eisenmann,,
Helena,,skull vomerine length,Eisenmann,,
Helena,,skull post-vomerine length,Eisenmann,,
Helena,,skull post-palatal length,Eisenmann,,
Helena,,skull premolar length,Eisenmann,,
Helena,,skull molar length,Eisenmann,,
Helena,,skull upper cheek teeth length,Eisenmann,,
Helena,,skull choanal length,Eisenmann,,
Helena,,skull minimal breadth of the choanae,Eisenmann,,
Helena,,skull maximal breadth of the choanae,Eisenmann,,
Helena,,skull palatal breadth,Eisenmann,,
Helena,,skull minimal muzzle breadth,Eisenmann,,
Helena,,skull length of fossa temporalis,Eisenmann,,
Helena,,skull length between basion and the foramen ethmoidalis,Eisenmann,,
Helena,,skull frontal breadth,Eisenmann,,
Helena,,skull bizygomatic breadth,Eisenmann,,
Helena,,skull occipital breadth,Eisenmann,,
Helena,,skull basioccipital breadth,Eisenmann,,
Helena,,skull occipital height,Eisenmann,,
Helena,,skull anterior ocular line,Eisenmann,,
Helena,,skull posterior ocular line,Eisenmann,,
Helena,,skull facial height,Eisenmann,,
Helena,,skull cranial height,Eisenmann,,
Helena,,skull exterior height of the meatus auditivus externus,Eisenmann,,
Helena,,skull antero-posterior orbital diameter,Eisenmann,,
Helena,,skull orbital diameter perpendicular to the antero-posterior orbital diameter,Eisenmann,,
Helena,,skull length of the naso-incisival notch,Eisenmann,,
Helena,,skull cheek length,Eisenmann,,
Helena,,skull distance between the orbit and the preorbital fossa,Eisenmann,,
Helena,,skull length of the preorbital fossa,Eisenmann,,
Helena,,skull distance between the back of the preorbital fossa and the foramen infra-orbitale,Eisenmann,,
Helena,,skull height of the preorbital fossa,Eisenmann,,
Helena,,skull distance between the preorbital fossa and the facial crest,Eisenmann,,
Helena,,skull height of back of the foramen infra-orbitale above the alveolar border,Eisenmann,,
Helena,,skull post-vomerine length,Eisenmann,,
Helena,,skull muzzle breadth,Eisenmann,,
Helena,,skull exterior height of the meatus auditivus externus,Eisenmann,,
Helena,,skull height of the back of the preorbital fossa above the alveolar border,Eisenmann,,
Helena,,P2 length,Eisenmann 1976,P2 length,
Helena,,P2 width,Eisenmann 1976,P2 width,
Helena,,P2 protocone length,Eisenmann 1976,,
Helena,,P2 protocone width,Eisenmann 1976,,
Helena,,P3 length,Eisenmann 1976,P3 length,
Helena,,P3 width,Eisenmann 1976,P3 width,
Helena,,P3 protocone length,Eisenmann 1976,,
Helena,,P3 protocone width,Eisenmann 1976,,
Helena,,P4 length,Eisenmann 1976,P4 length,
Helena,,P4 width,Eisenmann 1976,P4 width,
Helena,,P4 protocone length,Eisenmann 1976,,
Helena,,P4 protocone width,Eisenmann 1976,,
Helena,,M1 length,Eisenmann 1976,M1 length,
Helena,,M1 width,Eisenmann 1976,M1 width,
Helena,,M1 protocone length,Eisenmann 1976,,
Helena,,M1 protocone width,Eisenmann 1976,,
Helena,,M2 length,Eisenmann 1976,M2 length,
Helena,,M2 width,Eisenmann 1976,M2 width,
Helena,,M2 protocone length,Eisenmann 1976,,
Helena,,M2 protocone width,Eisenmann 1976,,
Helena,,M3 length,Eisenmann 1976,M3 length,
Helena,,M3 width,Eisenmann 1976,M3 width,
Helena,,M3 protocone length,Eisenmann 1976,,
Helena,,M3 protocone width,Eisenmann 1976,,
Helena,,mandible length,Eisenmann,,
Helena,,mandible muzzle length,Eisenmann,,
Helena,,mandible molar length,Eisenmann,,
Helena,,mandible premolar length,Eisenmann,,
Helena,,mandible lower cheek teeth length,Eisenmann,,
Helena,,mandible muzzle breadth,Eisenmann,,
Helena,,mandible height of the mandible at the condyle,Eisenmann,,
Helena,,mandible height of the ascending ramus,Eisenmann,,
Helena,,mandible height of the jaw posterior to mpremolar length,Eisenmann,,
Helena,,mandible height of the jaw between pmolar length and mlength,Eisenmann,,
Helena,,mandible height of the jaw in front of pmuzzle length,Eisenmann,,
Helena,,mandible length of the symphysis,Eisenmann,,
Helena,,mandible minimal breadth of the symphysis,Eisenmann,,
Helena,,mandible distance between the back of the alveole of m3 and the posterior edge of the ascending ramus,Eisenmann,,
Helena,,mandible diastema,Eisenmann and De Giuli 1974,,
Helena,,mandible p2p4 length,Eisenmann and De Giuli 1974,,
Helena,,mandible symphyseal length,Eisenmann and De Giuli 1974,,
Helena,,mandible width between i3,Eisenmann and De Giuli 1974,,
Helena,,mandible height,Eisenmann and De Giuli 1974,,
Helena,,mandible minimum collar width,Eisenmann and De Giuli 1974,,
Helena,,mandible maximal symphysis thickness,Eisenmann and De Giuli 1974,,
Helena,,mandible radius from the angle,Eisenmann and De Giuli 1974,,
Helena,,mandible p2m3 length,Eisenmann and De Giuli 1974,,
Helena,,p2 length,Eisenmann 1976,p2 length,
Helena,,p2 ectostylide length,Eisenmann 1976,,
Helena,,p2 width,Eisenmann 1976,p2 width,
Helena,,p3 length,Eisenmann 1976,p3 length,
Helena,,p3 ectostylide length,Eisenmann 1976,,
Helena,,p3 width,Eisenmann 1976,p3 width,
Helena,,p4 length,Eisenmann 1976,p4 length,
Helena,,p4 ectostylide length,Eisenmann 1976,,
Helena,,p4 width,Eisenmann 1976,p4 width,
Helena,,m1 length,Eisenmann 1976,m1 length,
Helena,,m1 ectostylide length,Eisenmann 1976,,
Helena,,m1 width,Eisenmann 1976,m1 width,
Helena,,m2 length,Eisenmann 1976,m2 length,
Helena,,m2 ectostylide length,Eisenmann 1976,,
Helena,,m2 width,Eisenmann 1976,m2 width,
Helena,,m3 length,Eisenmann 1976,m3 length,
Helena,,m3 ectostylide length,Eisenmann 1976,,
Helena,,m3 width,Eisenmann 1976,m3 width,
Helena,,astragalus maximal length,Eisenmann,,
Helena,,astragalus maximal diameter of the medial condyle,Eisenmann,,
Helena,,astragalus breadth of the trochlea,Eisenmann,,
Helena,,astragalus maximal breadth,Eisenmann,,
Helena,,astragalus distal articular breadth,Eisenmann,,
Helena,,astragalus distal articular depth,Eisenmann,,
Helena,,astragalus maximal medial depth,Eisenmann,,
Helena,,IPHIII maximal length,Eisenmann,,
Helena,,IPHIII anterior length,Eisenmann,,
Helena,,IPHIII minimal breadth,Eisenmann,,
Helena,,IPHIII proximal breadth,Eisenmann,,
Helena,,IPHIII proximal depth,Eisenmann,,
Helena,,IPHIII distal breadth at the tuberosities,Eisenmann,,
Helena,,IPHIII distal articular breadth,Eisenmann,,
Helena,,IPHIII distal articular depth,Eisenmann,,
Helena,,IPHIII minimal length of the trigonum phalangis,Eisenmann,,
Helena,,humerus maximal length from caput,Eisenmann,,
Helena,,humerus minimal breadth,Eisenmann,,
Helena,,humerus diameter,Eisenmann,,
Helena,,humerus proximal maximal breadth,Eisenmann,,
Helena,,humerus maximal breadth of the trochlea,Eisenmann,,
Helena,,humerus distal maximal depth,Eisenmann,,
Helena,,humerus maximal trochlear height,Eisenmann,,
Helena,,humerus minimal trochlear height,Eisenmann,,
Helena,,humerus trochlear height at the sagittal crest,Eisenmann,,
Helena,,radius minimal breadth,Eisenmann,,
Helena,,radius depth of the diaphysis,Eisenmann,,
Helena,,radius distal articular breadth,Eisenmann,,
Helena,,radius distal articular depth,Eisenmann,,
Helena,,radius distal maximal breadth,Eisenmann,,
Helena,,radius breadth of the radial condyle,Eisenmann,,
Helena,,radius breadth of the ulnar condyle,Eisenmann,,
Helena,,radius maximal length,Eisenmann,,
Helena,,radius medial length,Eisenmann,,
Helena,,radius proximal articular breadth,Eisenmann,,
Helena,,radius proximal articular depth,Eisenmann,,
Helena,,scaphoid maximal anteroposterior diameter,,,
Helena,,scaphoid maximal height,,,